"","year","country","people.in","un.helped","un.help.percent"
"1",2000,"Afghanistan",5,0,0
"2",2001,"Afghanistan",0,0,0
"3",2002,"Afghanistan",0,0,0
"4",2003,"Afghanistan",35,0,0
"5",2004,"Afghanistan",70,0,0
"6",2005,"Afghanistan",30,0,0
"7",2006,"Afghanistan",14,14,100
"8",2007,"Afghanistan",5,5,100
"9",2008,"Afghanistan",6,0,0
"10",2009,"Afghanistan",10,10,100
"11",2010,"Afghanistan",12,12,100
"12",2011,"Afghanistan",30,30,100
"13",2012,"Afghanistan",53,53,100
"14",2013,"Afghanistan",51,51,100
"15",2014,"Afghanistan",66,66,100
"16",2015,"Afghanistan",60,60,100
"17",2016,"Afghanistan",73,73,100
"18",2000,"Albania",21,21,100
"19",2001,"Albania",4,4,100
"20",2002,"Albania",71,71,100
"21",2003,"Albania",114,114,100
"22",2004,"Albania",93,75,80.6451612903226
"23",2005,"Albania",36,36,100
"24",2006,"Albania",35,35,100
"25",2007,"Albania",36,36,100
"26",2008,"Albania",22,22,100
"27",2009,"Albania",22,22,100
"28",2010,"Albania",20,20,100
"29",2011,"Albania",23,23,100
"30",2012,"Albania",24,24,100
"31",2013,"Albania",28,28,100
"32",2014,"Albania",228,228,100
"33",2015,"Albania",485,485,100
"34",2016,"Albania",825,825,100
"35",2000,"Algeria",308,30,9.74025974025974
"36",2001,"Algeria",310,8,2.58064516129032
"37",2002,"Algeria",125,16,12.8
"38",2003,"Algeria",5,0,0
"39",2004,"Algeria",2,0,0
"40",2005,"Algeria",6,1,16.6666666666667
"41",2006,"Algeria",306,101,33.0065359477124
"42",2007,"Algeria",941,101,10.7332624867163
"43",2008,"Algeria",1601,0,0
"44",2009,"Algeria",956,0,0
"45",2010,"Algeria",153,135,88.2352941176471
"46",2011,"Algeria",300,291,97
"47",2012,"Algeria",816,816,100
"48",2013,"Algeria",1736,1736,100
"49",2014,"Algeria",1815,1815,100
"50",2015,"Algeria",4874,4874,100
"51",2016,"Algeria",6553,6553,100
"52",2000,"Angola",927,927,100
"53",2001,"Angola",883,883,100
"54",2002,"Angola",902,0,0
"55",2003,"Angola",918,900,98.0392156862745
"56",2004,"Angola",1006,934,92.8429423459245
"57",2005,"Angola",929,0,0
"58",2006,"Angola",885,0,0
"59",2007,"Angola",1588,0,0
"60",2008,"Angola",2921,167,5.71722013009243
"61",2009,"Angola",3186,198,6.21468926553672
"62",2010,"Angola",4235,191,4.51003541912633
"63",2011,"Angola",4108,2078,50.5842259006816
"64",2012,"Angola",3167,1602,50.5841490369435
"65",2013,"Angola",20336,1601,7.87273800157356
"66",2014,"Angola",20040,0,0
"67",2010,"Antigua and Barbuda",1,0,0
"68",2013,"Antigua and Barbuda",0,0,0
"69",2014,"Antigua and Barbuda",1,1,100
"70",2000,"Argentina",958,106,11.0647181628392
"71",2001,"Argentina",1274,543,42.6216640502355
"72",2002,"Argentina",1543,269,17.4335709656513
"73",2003,"Argentina",1542,511,33.1387808041504
"74",2004,"Argentina",1211,742,61.271676300578
"75",2005,"Argentina",990,428,43.2323232323232
"76",2006,"Argentina",825,485,58.7878787878788
"77",2007,"Argentina",867,418,48.2122260668973
"78",2008,"Argentina",553,546,98.7341772151899
"79",2009,"Argentina",801,0,0
"80",2010,"Argentina",750,301,40.1333333333333
"81",2011,"Argentina",1230,329,26.7479674796748
"82",2012,"Argentina",1222,204,16.6939443535188
"83",2013,"Argentina",1922,204,10.6139438085328
"84",2014,"Argentina",916,0,0
"85",2015,"Argentina",753,133,17.6626826029216
"86",2000,"Armenia",4,4,100
"87",2001,"Armenia",0,0,0
"88",2002,"Armenia",1,1,100
"89",2003,"Armenia",6,6,100
"90",2004,"Armenia",36,36,100
"91",2005,"Armenia",44,44,100
"92",2006,"Armenia",71,71,100
"93",2007,"Armenia",78,78,100
"94",2008,"Armenia",101,101,100
"95",2009,"Armenia",171,169,98.8304093567251
"96",2010,"Armenia",39,39,100
"97",2011,"Armenia",23,14,60.8695652173913
"98",2012,"Armenia",25,17,68
"99",2013,"Armenia",383,383,100
"100",2014,"Armenia",77,77,100
"101",2015,"Armenia",71,71,100
"102",2016,"Armenia",51,51,100
"103",2010,"Aruba",0,0,0
"104",2011,"Aruba",1,1,100
"105",2012,"Aruba",3,3,100
"106",2013,"Aruba",6,6,100
"107",2014,"Aruba",5,5,100
"108",2015,"Aruba",5,5,100
"109",2000,"Australia",10320,0,0
"110",2001,"Australia",10896,0,0
"111",2002,"Australia",11583,0,0
"112",2003,"Australia",7291,0,0
"113",2004,"Australia",3021,0,0
"114",2005,"Australia",5022,0,0
"115",2006,"Australia",1820,0,0
"116",2007,"Australia",1419,0,0
"117",2008,"Australia",1516,0,0
"118",2009,"Australia",2159,0,0
"119",2010,"Australia",2350,0,0
"120",2011,"Australia",3748,0,0
"121",2012,"Australia",5242,0,0
"122",2013,"Australia",10529,0,0
"123",2014,"Australia",18917,0,0
"124",2015,"Australia",22105,0,0
"125",2016,"Australia",24039,0,0
"126",2000,"Austria",0,0,0
"127",2001,"Austria",9945,0,0
"128",2002,"Austria",15187,0,0
"129",2003,"Austria",29494,0,0
"130",2004,"Austria",33564,0,0
"131",2005,"Austria",38262,0,0
"132",2006,"Austria",40710,0,0
"133",2007,"Austria",42396,0,0
"134",2008,"Austria",38442,0,0
"135",2009,"Austria",36693,0,0
"136",2010,"Austria",32146,0,0
"137",2011,"Austria",25625,0,0
"138",2012,"Austria",21034,0,0
"139",2013,"Austria",22429,0,0
"140",2014,"Austria",22745,0,0
"141",2000,"Azerbaijan",348,144,41.3793103448276
"142",2001,"Azerbaijan",3376,1134,33.5900473933649
"143",2002,"Azerbaijan",6551,5760,87.9255075560983
"144",2003,"Azerbaijan",8119,7948,97.8938292893213
"145",2004,"Azerbaijan",8826,8826,100
"146",2005,"Azerbaijan",1233,1233,100
"147",2006,"Azerbaijan",115,115,100
"148",2007,"Azerbaijan",88,88,100
"149",2008,"Azerbaijan",75,75,100
"150",2009,"Azerbaijan",41,41,100
"151",2010,"Azerbaijan",46,46,100
"152",2011,"Azerbaijan",17,17,100
"153",2012,"Azerbaijan",48,48,100
"154",2013,"Azerbaijan",135,135,100
"155",2014,"Azerbaijan",278,278,100
"156",2015,"Azerbaijan",394,394,100
"157",2016,"Azerbaijan",194,194,100
"158",2000,"Bahamas",0,0,0
"159",2002,"Bahamas",0,0,0
"160",2010,"Bahamas",13,13,100
"161",2011,"Bahamas",9,9,100
"162",2012,"Bahamas",14,14,100
"163",2013,"Bahamas",14,2,14.2857142857143
"164",2014,"Bahamas",13,13,100
"165",2015,"Bahamas",17,17,100
"166",2016,"Bahamas",10,10,100
"167",2000,"Bahrain",2,0,0
"168",2001,"Bahrain",2,0,0
"169",2002,"Bahrain",1,0,0
"170",2003,"Bahrain",1,0,0
"171",2004,"Bahrain",1,0,0
"172",2005,"Bahrain",6,0,0
"173",2006,"Bahrain",15,0,0
"174",2007,"Bahrain",17,0,0
"175",2008,"Bahrain",35,0,0
"176",2009,"Bahrain",49,0,0
"177",2010,"Bahrain",12,12,100
"178",2011,"Bahrain",69,69,100
"179",2012,"Bahrain",160,160,100
"180",2013,"Bahrain",50,50,100
"181",2014,"Bahrain",52,52,100
"182",2015,"Bahrain",42,42,100
"183",2016,"Bahrain",103,103,100
"184",2000,"Bangladesh",13,0,0
"185",2001,"Bangladesh",2,0,0
"186",2002,"Bangladesh",21,0,0
"187",2003,"Bangladesh",22,0,0
"188",2004,"Bangladesh",8,0,0
"189",2005,"Bangladesh",27,0,0
"190",2006,"Bangladesh",58,0,0
"191",2007,"Bangladesh",79,0,0
"192",2008,"Bangladesh",53,0,0
"193",2009,"Bangladesh",3,0,0
"194",2010,"Bangladesh",0,0,0
"195",2011,"Bangladesh",0,0,0
"196",2012,"Bangladesh",2,2,100
"197",2013,"Bangladesh",3,3,100
"198",2014,"Bangladesh",9,9,100
"199",2015,"Bangladesh",13,13,100
"200",2016,"Bangladesh",0,0,0
"201",2013,"Barbados",0,0,0
"202",2016,"Barbados",0,0,0
"203",2000,"Belarus",541,0,0
"204",2001,"Belarus",411,0,0
"205",2002,"Belarus",354,0,0
"206",2003,"Belarus",340,0,0
"207",2004,"Belarus",327,0,0
"208",2005,"Belarus",68,0,0
"209",2006,"Belarus",56,0,0
"210",2007,"Belarus",37,33,89.1891891891892
"211",2008,"Belarus",10,4,40
"212",2009,"Belarus",60,36,60
"213",2010,"Belarus",90,79,87.7777777777778
"214",2011,"Belarus",66,62,93.9393939393939
"215",2012,"Belarus",50,49,98
"216",2013,"Belarus",62,58,93.5483870967742
"217",2014,"Belarus",86,83,96.5116279069768
"218",2015,"Belarus",259,125,48.2625482625483
"219",2016,"Belarus",253,121,47.8260869565217
"220",2000,"Belgium",39114,0,0
"221",2001,"Belgium",1240,0,0
"222",2002,"Belgium",18431,0,0
"223",2003,"Belgium",20033,0,0
"224",2004,"Belgium",22604,0,0
"225",2005,"Belgium",22996,0,0
"226",2006,"Belgium",18839,0,0
"227",2007,"Belgium",17337,0,0
"228",2008,"Belgium",15247,0,0
"229",2009,"Belgium",12245,0,0
"230",2010,"Belgium",18233,0,0
"231",2011,"Belgium",18283,0,0
"232",2012,"Belgium",19009,0,0
"233",2013,"Belgium",17601,0,0
"234",2014,"Belgium",11749,0,0
"235",2015,"Belgium",9877,0,0
"236",2016,"Belgium",35681,0,0
"237",2000,"Belize",0,0,0
"238",2001,"Belize",35,35,100
"239",2002,"Belize",21,21,100
"240",2003,"Belize",14,14,100
"241",2004,"Belize",8,5,62.5
"242",2005,"Belize",31,21,67.741935483871
"243",2006,"Belize",14,14,100
"244",2007,"Belize",1,1,100
"245",2008,"Belize",2,0,0
"246",2009,"Belize",8,8,100
"247",2010,"Belize",21,21,100
"248",2011,"Belize",29,29,100
"249",2012,"Belize",69,0,0
"250",2013,"Belize",76,66,86.8421052631579
"251",2014,"Belize",63,63,100
"252",2015,"Belize",118,118,100
"253",2016,"Belize",411,411,100
"254",2000,"Benin",1624,0,0
"255",2001,"Benin",1994,0,0
"256",2002,"Benin",226,0,0
"257",2003,"Benin",563,0,0
"258",2004,"Benin",814,38,4.66830466830467
"259",2005,"Benin",1053,32,3.03893637226971
"260",2006,"Benin",1695,32,1.88790560471976
"261",2007,"Benin",1349,24,1.77909562638992
"262",2008,"Benin",536,0,0
"263",2009,"Benin",212,0,0
"264",2010,"Benin",124,0,0
"265",2011,"Benin",101,0,0
"266",2012,"Benin",358,0,0
"267",2013,"Benin",131,131,100
"268",2014,"Benin",108,108,100
"269",2015,"Benin",68,68,100
"270",2016,"Benin",166,166,100
"271",2000,"Bolivia (Plurinational State of)",5,5,100
"272",2001,"Bolivia (Plurinational State of)",3,0,0
"273",2002,"Bolivia (Plurinational State of)",8,5,62.5
"274",2003,"Bolivia (Plurinational State of)",20,5,25
"275",2004,"Bolivia (Plurinational State of)",1,1,100
"276",2005,"Bolivia (Plurinational State of)",22,22,100
"277",2006,"Bolivia (Plurinational State of)",3,3,100
"278",2007,"Bolivia (Plurinational State of)",20,20,100
"279",2008,"Bolivia (Plurinational State of)",162,157,96.9135802469136
"280",2009,"Bolivia (Plurinational State of)",91,33,36.2637362637363
"281",2010,"Bolivia (Plurinational State of)",34,34,100
"282",2011,"Bolivia (Plurinational State of)",41,39,95.1219512195122
"283",2012,"Bolivia (Plurinational State of)",18,16,88.8888888888889
"284",2013,"Bolivia (Plurinational State of)",8,8,100
"285",2014,"Bolivia (Plurinational State of)",6,6,100
"286",2015,"Bolivia (Plurinational State of)",16,16,100
"287",2010,"Bonaire",0,0,0
"288",2000,"Bosnia and Herzegovina",22,0,0
"289",2001,"Bosnia and Herzegovina",80,80,100
"290",2002,"Bosnia and Herzegovina",386,386,100
"291",2003,"Bosnia and Herzegovina",457,457,100
"292",2004,"Bosnia and Herzegovina",701,701,100
"293",2005,"Bosnia and Herzegovina",454,366,80.6167400881057
"294",2006,"Bosnia and Herzegovina",215,215,100
"295",2007,"Bosnia and Herzegovina",91,91,100
"296",2008,"Bosnia and Herzegovina",627,627,100
"297",2009,"Bosnia and Herzegovina",480,480,100
"298",2010,"Bosnia and Herzegovina",366,366,100
"299",2011,"Bosnia and Herzegovina",156,0,0
"300",2012,"Bosnia and Herzegovina",45,45,100
"301",2013,"Bosnia and Herzegovina",48,48,100
"302",2014,"Bosnia and Herzegovina",48,48,100
"303",2015,"Bosnia and Herzegovina",15,15,100
"304",2016,"Bosnia and Herzegovina",10,10,100
"305",2000,"Botswana",179,179,100
"306",2001,"Botswana",67,67,100
"307",2002,"Botswana",721,721,100
"308",2003,"Botswana",978,978,100
"309",2004,"Botswana",1079,1079,100
"310",2005,"Botswana",1034,1034,100
"311",2006,"Botswana",0,0,0
"312",2007,"Botswana",0,0,0
"313",2008,"Botswana",84,84,100
"314",2009,"Botswana",173,173,100
"315",2010,"Botswana",206,206,100
"316",2011,"Botswana",249,249,100
"317",2012,"Botswana",246,246,100
"318",2013,"Botswana",212,212,100
"319",2014,"Botswana",173,173,100
"320",2015,"Botswana",202,202,100
"321",2016,"Botswana",133,133,100
"322",2000,"Brazil",352,0,0
"323",2001,"Brazil",542,542,100
"324",2002,"Brazil",647,548,84.6986089644513
"325",2003,"Brazil",561,561,100
"326",2004,"Brazil",566,566,100
"327",2005,"Brazil",446,446,100
"328",2006,"Brazil",312,273,87.5
"329",2007,"Brazil",398,392,98.4924623115578
"330",2008,"Brazil",423,401,94.7990543735225
"331",2009,"Brazil",210,174,82.8571428571429
"332",2010,"Brazil",183,168,91.8032786885246
"333",2011,"Brazil",872,878,100.688073394495
"334",2012,"Brazil",1021,935,91.5768854064642
"335",2013,"Brazil",1441,1201,83.3448993754337
"336",2014,"Brazil",4683,2813,60.0683322656417
"337",2015,"Brazil",11211,2976,26.5453572384265
"338",2016,"Brazil",20134,5959,29.5967020959571
"339",2009,"British Virgin Islands",0,0,0
"340",2011,"British Virgin Islands",0,0,0
"341",2013,"British Virgin Islands",0,0,0
"342",2014,"British Virgin Islands",3,3,100
"343",2000,"Bulgaria",1542,0,0
"344",2001,"Bulgaria",1316,0,0
"345",2002,"Bulgaria",1540,0,0
"346",2003,"Bulgaria",1140,0,0
"347",2004,"Bulgaria",756,0,0
"348",2005,"Bulgaria",933,0,0
"349",2006,"Bulgaria",805,0,0
"350",2007,"Bulgaria",837,0,0
"351",2008,"Bulgaria",1074,0,0
"352",2009,"Bulgaria",1079,0,0
"353",2010,"Bulgaria",1195,0,0
"354",2011,"Bulgaria",1411,0,0
"355",2012,"Bulgaria",1381,0,0
"356",2013,"Bulgaria",1747,0,0
"357",2014,"Bulgaria",4725,4725,100
"358",2015,"Bulgaria",6751,6751,100
"359",2016,"Bulgaria",9463,9463,100
"360",2000,"Burkina Faso",279,279,100
"361",2001,"Burkina Faso",314,126,40.1273885350318
"362",2002,"Burkina Faso",250,19,7.6
"363",2003,"Burkina Faso",391,0,0
"364",2004,"Burkina Faso",499,0,0
"365",2005,"Burkina Faso",654,140,21.4067278287462
"366",2006,"Burkina Faso",784,140,17.8571428571429
"367",2007,"Burkina Faso",752,140,18.6170212765957
"368",2008,"Burkina Faso",598,598,100
"369",2009,"Burkina Faso",604,604,100
"370",2010,"Burkina Faso",515,515,100
"371",2011,"Burkina Faso",534,534,100
"372",2012,"Burkina Faso",665,665,100
"373",2013,"Burkina Faso",686,686,100
"374",2014,"Burkina Faso",791,791,100
"375",2015,"Burkina Faso",203,203,100
"376",2016,"Burkina Faso",136,136,100
"377",2000,"Burundi",512,206,40.234375
"378",2001,"Burundi",5999,5697,94.9658276379397
"379",2002,"Burundi",7994,5701,71.3159869902427
"380",2003,"Burundi",8777,6484,73.8749003076222
"381",2004,"Burundi",10572,6973,65.9572455542944
"382",2005,"Burundi",10684,5698,53.3320853612879
"383",2006,"Burundi",19901,14265,71.6798150846691
"384",2007,"Burundi",7159,7159,100
"385",2008,"Burundi",7531,7531,100
"386",2009,"Burundi",5269,5269,100
"387",2010,"Burundi",6338,6338,100
"388",2011,"Burundi",12062,12062,100
"389",2012,"Burundi",10060,10060,100
"390",2013,"Burundi",6130,6130,100
"391",2014,"Burundi",6045,6045,100
"392",2015,"Burundi",3051,3045,99.803343166175
"393",2016,"Burundi",2920,2920,100
"394",2000,"Cambodia",50,28,56
"395",2001,"Cambodia",167,34,20.3592814371257
"396",2002,"Cambodia",1051,1041,99.0485252140818
"397",2003,"Cambodia",81,8,9.87654320987654
"398",2004,"Cambodia",46,16,34.7826086956522
"399",2005,"Cambodia",321,294,91.588785046729
"400",2006,"Cambodia",68,59,86.7647058823529
"401",2007,"Cambodia",127,123,96.8503937007874
"402",2008,"Cambodia",239,227,94.9790794979079
"403",2009,"Cambodia",61,47,77.0491803278689
"404",2010,"Cambodia",29,3,10.3448275862069
"405",2011,"Cambodia",52,52,100
"406",2012,"Cambodia",48,48,100
"407",2013,"Cambodia",24,24,100
"408",2014,"Cambodia",12,11,91.6666666666667
"409",2015,"Cambodia",40,39,97.5
"410",2016,"Cambodia",14,14,100
"411",2000,"Cameroon",598,0,0
"412",2001,"Cameroon",1638,0,0
"413",2002,"Cameroon",2577,0,0
"414",2003,"Cameroon",5308,0,0
"415",2004,"Cameroon",5675,0,0
"416",2005,"Cameroon",6123,6123,100
"417",2006,"Cameroon",6766,6766,100
"418",2007,"Cameroon",4161,4161,100
"419",2008,"Cameroon",2157,2157,100
"420",2009,"Cameroon",2231,2231,100
"421",2010,"Cameroon",1312,1312,100
"422",2011,"Cameroon",2383,2383,100
"423",2012,"Cameroon",3298,3298,100
"424",2013,"Cameroon",3098,3098,100
"425",2014,"Cameroon",8337,8337,100
"426",2015,"Cameroon",11754,11754,100
"427",2016,"Cameroon",5321,5321,100
"428",2000,"Canada",24726,0,0
"429",2001,"Canada",30175,0,0
"430",2002,"Canada",45804,0,0
"431",2003,"Canada",52761,0,0
"432",2004,"Canada",41575,0,0
"433",2005,"Canada",26907,0,0
"434",2006,"Canada",20534,0,0
"435",2007,"Canada",23473,0,0
"436",2008,"Canada",37509,0,0
"437",2009,"Canada",53852,0,0
"438",2010,"Canada",61170,0,0
"439",2011,"Canada",51030,0,0
"440",2012,"Canada",41852,0,0
"441",2013,"Canada",32576,0,0
"442",2014,"Canada",22148,0,0
"443",2009,"Cayman Islands",4,3,75
"444",2010,"Cayman Islands",4,0,0
"445",2011,"Cayman Islands",3,3,100
"446",2012,"Cayman Islands",1,0,0
"447",2013,"Cayman Islands",0,0,0
"448",2014,"Cayman Islands",0,0,0
"449",2015,"Cayman Islands",1,1,100
"450",2000,"Central African Rep.",1275,1275,100
"451",2001,"Central African Rep.",1735,1735,100
"452",2002,"Central African Rep.",3672,1558,42.4291938997821
"453",2003,"Central African Rep.",5348,2156,40.3141361256544
"454",2004,"Central African Rep.",3397,2236,65.8227848101266
"455",2005,"Central African Rep.",2748,1721,62.627365356623
"456",2006,"Central African Rep.",1960,0,0
"457",2007,"Central African Rep.",1907,464,24.3314105925537
"458",2008,"Central African Rep.",1970,464,23.5532994923858
"459",2009,"Central African Rep.",1454,117,8.04676753782669
"460",2010,"Central African Rep.",1219,82,6.72682526661198
"461",2011,"Central African Rep.",1219,82,6.72682526661198
"462",2012,"Central African Rep.",2448,1155,47.1813725490196
"463",2013,"Central African Rep.",2604,1155,44.3548387096774
"464",2014,"Central African Rep.",2636,2017,76.5174506828528
"465",2015,"Central African Rep.",409,409,100
"466",2016,"Central African Rep.",332,332,100
"467",2000,"Chad",510,510,100
"468",2001,"Chad",544,0,0
"469",2002,"Chad",1033,0,0
"470",2003,"Chad",137,0,0
"471",2005,"Chad",0,0,0
"472",2006,"Chad",68,0,0
"473",2007,"Chad",8,0,0
"474",2008,"Chad",48,0,0
"475",2009,"Chad",54,0,0
"476",2010,"Chad",64,0,0
"477",2011,"Chad",110,110,100
"478",2012,"Chad",165,165,100
"479",2013,"Chad",181,181,100
"480",2014,"Chad",310,310,100
"481",2015,"Chad",1387,1387,100
"482",2016,"Chad",2880,2880,100
"483",2000,"Chile",49,37,75.5102040816327
"484",2001,"Chile",69,45,65.2173913043478
"485",2002,"Chile",66,61,92.4242424242424
"486",2003,"Chile",18,12,66.6666666666667
"487",2004,"Chile",49,19,38.7755102040816
"488",2005,"Chile",85,85,100
"489",2006,"Chile",107,107,100
"490",2007,"Chile",337,337,100
"491",2008,"Chile",517,517,100
"492",2009,"Chile",982,0,0
"493",2010,"Chile",498,0,0
"494",2011,"Chile",274,0,0
"495",2012,"Chile",364,304,83.5164835164835
"496",2013,"Chile",353,278,78.7535410764873
"497",2014,"Chile",422,283,67.0616113744076
"498",2015,"Chile",573,451,78.7085514834206
"499",2016,"Chile",988,630,63.7651821862348
"500",2000,"China",10,0,0
"501",2001,"China",12,0,0
"502",2002,"China",1,0,0
"503",2003,"China",7,0,0
"504",2004,"China",43,3,6.97674418604651
"505",2005,"China",44,16,36.3636363636364
"506",2006,"China",84,3,3.57142857142857
"507",2007,"China",83,1,1.20481927710843
"508",2008,"China",70,0,0
"509",2009,"China",19,0,0
"510",2010,"China",43,5,11.6279069767442
"511",2011,"China",122,5,4.0983606557377
"512",2012,"China",30,0,0
"513",2013,"China",265,0,0
"514",2014,"China",380,0,0
"515",2015,"China",467,467,100
"516",2016,"China",618,618,100
"517",2000,"China, Hong Kong SAR",5,4,80
"518",2001,"China, Hong Kong SAR",51,24,47.0588235294118
"519",2002,"China, Hong Kong SAR",468,81,17.3076923076923
"520",2003,"China, Hong Kong SAR",190,51,26.8421052631579
"521",2004,"China, Hong Kong SAR",196,14,7.14285714285714
"522",2005,"China, Hong Kong SAR",670,0,0
"523",2006,"China, Hong Kong SAR",1097,0,0
"524",2007,"China, Hong Kong SAR",2407,0,0
"525",2008,"China, Hong Kong SAR",1924,0,0
"526",2009,"China, Hong Kong SAR",1112,0,0
"527",2010,"China, Hong Kong SAR",791,791,100
"528",2011,"China, Hong Kong SAR",486,486,100
"529",2012,"China, Hong Kong SAR",597,597,100
"530",2013,"China, Hong Kong SAR",834,834,100
"531",2014,"China, Hong Kong SAR",1872,1872,100
"532",2015,"China, Hong Kong SAR",2248,0,0
"533",2009,"China, Macao SAR",14,14,100
"534",2010,"China, Macao SAR",6,6,100
"535",2011,"China, Macao SAR",9,9,100
"536",2012,"China, Macao SAR",10,10,100
"537",2013,"China, Macao SAR",6,6,100
"538",2014,"China, Macao SAR",6,6,100
"539",2015,"China, Macao SAR",6,0,0
"540",2000,"Colombia",5,4,80
"541",2001,"Colombia",12,12,100
"542",2002,"Colombia",17,11,64.7058823529412
"543",2003,"Colombia",20,17,85
"544",2004,"Colombia",13,9,69.2307692307692
"545",2005,"Colombia",36,24,66.6666666666667
"546",2006,"Colombia",41,21,51.219512195122
"547",2007,"Colombia",77,61,79.2207792207792
"548",2008,"Colombia",88,71,80.6818181818182
"549",2009,"Colombia",82,79,96.3414634146341
"550",2010,"Colombia",116,116,100
"551",2011,"Colombia",167,167,100
"552",2012,"Colombia",120,120,100
"553",2013,"Colombia",77,77,100
"554",2014,"Colombia",71,71,100
"555",2015,"Colombia",170,51,30
"556",2016,"Colombia",90,43,47.7777777777778
"557",2000,"Congo",215,48,22.3255813953488
"558",2001,"Congo",879,51,5.80204778156997
"559",2002,"Congo",2447,0,0
"560",2003,"Congo",2761,0,0
"561",2004,"Congo",3224,0,0
"562",2005,"Congo",3232,0,0
"563",2006,"Congo",3486,0,0
"564",2007,"Congo",4289,0,0
"565",2008,"Congo",4793,0,0
"566",2009,"Congo",3255,3255,100
"567",2010,"Congo",4920,4920,100
"568",2011,"Congo",5524,5524,100
"569",2012,"Congo",3011,3011,100
"570",2013,"Congo",3319,3319,100
"571",2014,"Congo",2651,2651,100
"572",2015,"Congo",3199,3199,100
"573",2016,"Congo",4330,4330,100
"574",2000,"Costa Rica",33,33,100
"575",2001,"Costa Rica",1476,0,0
"576",2002,"Costa Rica",2573,0,0
"577",2003,"Costa Rica",86,0,0
"578",2004,"Costa Rica",77,0,0
"579",2005,"Costa Rica",223,0,0
"580",2006,"Costa Rica",0,0,0
"581",2007,"Costa Rica",332,332,100
"582",2008,"Costa Rica",511,511,100
"583",2009,"Costa Rica",463,463,100
"584",2010,"Costa Rica",587,587,100
"585",2011,"Costa Rica",375,375,100
"586",2012,"Costa Rica",455,455,100
"587",2013,"Costa Rica",816,811,99.3872549019608
"588",2014,"Costa Rica",1639,1403,85.6009762050031
"589",2015,"Costa Rica",1530,1298,84.8366013071895
"590",2016,"Costa Rica",3197,3197,100
"591",2000,"Côte d'Ivoire",986,986,100
"592",2001,"Côte d'Ivoire",2242,2242,100
"593",2002,"Côte d'Ivoire",2324,2323,99.9569707401033
"594",2003,"Côte d'Ivoire",1142,1142,100
"595",2004,"Côte d'Ivoire",1321,1321,100
"596",2005,"Côte d'Ivoire",2111,0,0
"597",2006,"Côte d'Ivoire",2443,0,0
"598",2007,"Côte d'Ivoire",2313,0,0
"599",2008,"Côte d'Ivoire",1783,0,0
"600",2009,"Côte d'Ivoire",305,0,0
"601",2010,"Côte d'Ivoire",312,312,100
"602",2011,"Côte d'Ivoire",254,254,100
"603",2012,"Côte d'Ivoire",667,667,100
"604",2013,"Côte d'Ivoire",520,520,100
"605",2014,"Côte d'Ivoire",607,607,100
"606",2015,"Côte d'Ivoire",669,669,100
"607",2016,"Côte d'Ivoire",624,624,100
"608",2000,"Croatia",16,5,31.25
"609",2001,"Croatia",24,15,62.5
"610",2002,"Croatia",76,67,88.1578947368421
"611",2003,"Croatia",52,52,100
"612",2004,"Croatia",57,57,100
"613",2005,"Croatia",33,18,54.5454545454545
"614",2006,"Croatia",8,7,87.5
"615",2007,"Croatia",10,10,100
"616",2008,"Croatia",53,53,100
"617",2009,"Croatia",62,62,100
"618",2010,"Croatia",39,39,100
"619",2011,"Croatia",81,81,100
"620",2012,"Croatia",231,231,100
"621",2013,"Croatia",345,344,99.7101449275362
"622",2014,"Croatia",210,210,100
"623",2015,"Croatia",120,120,100
"624",2000,"Cuba",12,5,41.6666666666667
"625",2001,"Cuba",13,9,69.2307692307692
"626",2002,"Cuba",15,0,0
"627",2003,"Cuba",3,0,0
"628",2004,"Cuba",6,3,50
"629",2005,"Cuba",5,0,0
"630",2006,"Cuba",32,0,0
"631",2007,"Cuba",27,3,11.1111111111111
"632",2008,"Cuba",14,1,7.14285714285714
"633",2009,"Cuba",10,1,10
"634",2010,"Cuba",5,0,0
"635",2011,"Cuba",11,11,100
"636",2012,"Cuba",2,0,0
"637",2013,"Cuba",3,3,100
"638",2014,"Cuba",1,0,0
"639",2015,"Cuba",11,11,100
"640",2016,"Cuba",23,23,100
"641",2010,"Curaçao",0,0,0
"642",2011,"Curaçao",2,2,100
"643",2012,"Curaçao",2,2,100
"644",2013,"Curaçao",26,26,100
"645",2014,"Curaçao",46,46,100
"646",2016,"Curaçao",24,24,100
"647",2000,"Cyprus",210,210,100
"648",2001,"Cyprus",499,499,100
"649",2002,"Cyprus",1860,1860,100
"650",2003,"Cyprus",2044,1235,60.4207436399217
"651",2004,"Cyprus",5082,229,4.50609996064542
"652",2005,"Cyprus",10028,13,0.129637016354208
"653",2006,"Cyprus",13067,18,0.137751587969695
"654",2007,"Cyprus",12508,15,0.119923249120563
"655",2008,"Cyprus",11892,26,0.218634376051127
"656",2009,"Cyprus",8014,7,0.0873471425006239
"657",2010,"Cyprus",5015,0,0
"658",2011,"Cyprus",5396,22,0.407709414381023
"659",2012,"Cyprus",3059,0,0
"660",2013,"Cyprus",2636,56,2.12443095599393
"661",2014,"Cyprus",2651,115,4.3379856657865
"662",2015,"Cyprus",36,36,100
"663",2016,"Cyprus",425,228,53.6470588235294
"664",2000,"Czech Rep.",1671,0,0
"665",2001,"Czech Rep.",5031,5031,100
"666",2002,"Czech Rep.",11589,0,0
"667",2003,"Czech Rep.",7656,7656,100
"668",2004,"Czech Rep.",3746,3746,100
"669",2005,"Czech Rep.",1119,1119,100
"670",2006,"Czech Rep.",3219,3219,100
"671",2007,"Czech Rep.",2505,2505,100
"672",2008,"Czech Rep.",2044,2044,100
"673",2009,"Czech Rep.",1241,1241,100
"674",2010,"Czech Rep.",1228,0,0
"675",2011,"Czech Rep.",1065,0,0
"676",2012,"Czech Rep.",566,0,0
"677",2013,"Czech Rep.",544,0,0
"678",2014,"Czech Rep.",314,0,0
"679",2015,"Czech Rep.",487,0,0
"680",2016,"Czech Rep.",607,0,0
"681",2000,"Dem. Rep. of the Congo",173,64,36.9942196531792
"682",2001,"Dem. Rep. of the Congo",144,54,37.5
"683",2002,"Dem. Rep. of the Congo",308,117,37.987012987013
"684",2003,"Dem. Rep. of the Congo",397,102,25.6926952141058
"685",2004,"Dem. Rep. of the Congo",446,20,4.48430493273543
"686",2005,"Dem. Rep. of the Congo",354,20,5.64971751412429
"687",2006,"Dem. Rep. of the Congo",138,17,12.3188405797101
"688",2007,"Dem. Rep. of the Congo",136,0,0
"689",2008,"Dem. Rep. of the Congo",58,0,0
"690",2009,"Dem. Rep. of the Congo",10,0,0
"691",2010,"Dem. Rep. of the Congo",643,0,0
"692",2011,"Dem. Rep. of the Congo",932,932,100
"693",2012,"Dem. Rep. of the Congo",1136,1136,100
"694",2013,"Dem. Rep. of the Congo",1825,1825,100
"695",2014,"Dem. Rep. of the Congo",1461,1461,100
"696",2015,"Dem. Rep. of the Congo",1184,1184,100
"697",2016,"Dem. Rep. of the Congo",968,968,100
"698",2000,"Denmark",2628,0,0
"699",2001,"Denmark",6155,0,0
"700",2002,"Denmark",5579,0,0
"701",2003,"Denmark",4619,0,0
"702",2004,"Denmark",2031,0,0
"703",2005,"Denmark",840,0,0
"704",2006,"Denmark",510,0,0
"705",2007,"Denmark",446,0,0
"706",2008,"Denmark",560,0,0
"707",2009,"Denmark",517,0,0
"708",2010,"Denmark",1178,0,0
"709",2011,"Denmark",1244,0,0
"710",2012,"Denmark",666,0,0
"711",2013,"Denmark",1556,0,0
"712",2014,"Denmark",1625,0,0
"713",2015,"Denmark",4294,0,0
"714",2000,"Djibouti",412,0,0
"715",2001,"Djibouti",412,0,0
"716",2002,"Djibouti",469,461,98.2942430703625
"717",2003,"Djibouti",462,462,100
"718",2004,"Djibouti",1660,1660,100
"719",2005,"Djibouti",0,0,0
"720",2006,"Djibouti",110,0,0
"721",2007,"Djibouti",16,0,0
"722",2008,"Djibouti",487,0,0
"723",2009,"Djibouti",429,0,0
"724",2010,"Djibouti",921,0,0
"725",2011,"Djibouti",732,732,100
"726",2012,"Djibouti",1907,79,4.14263240692187
"727",2013,"Djibouti",3095,211,6.81744749596123
"728",2014,"Djibouti",3795,3795,100
"729",2015,"Djibouti",3832,3832,100
"730",2016,"Djibouti",2634,2634,100
"731",2010,"Dominica",1,0,0
"732",2011,"Dominica",0,0,0
"733",2000,"Dominican Rep.",6,0,0
"734",2010,"Dominican Rep.",1761,886,50.3123225440091
"735",2011,"Dominican Rep.",1761,884,50.198750709824
"736",2012,"Dominican Rep.",1785,251,14.0616246498599
"737",2013,"Dominican Rep.",1083,767,70.8217913204063
"738",2014,"Dominican Rep.",787,787,100
"739",2015,"Dominican Rep.",750,750,100
"740",2016,"Dominican Rep.",740,740,100
"741",2000,"Ecuador",2,0,0
"742",2001,"Ecuador",150,0,0
"743",2002,"Ecuador",243,243,100
"744",2003,"Ecuador",2646,2646,100
"745",2004,"Ecuador",2565,2565,100
"746",2005,"Ecuador",1660,1660,100
"747",2006,"Ecuador",2489,2489,100
"748",2007,"Ecuador",21465,21465,100
"749",2008,"Ecuador",27413,27413,100
"750",2009,"Ecuador",45007,45007,100
"751",2010,"Ecuador",50629,50629,100
"752",2011,"Ecuador",49887,49887,100
"753",2012,"Ecuador",21557,21557,100
"754",2013,"Ecuador",14567,14567,100
"755",2014,"Ecuador",11583,0,0
"756",2000,"Egypt",4624,0,0
"757",2001,"Egypt",11179,0,0
"758",2002,"Egypt",15655,0,0
"759",2003,"Egypt",12094,0,0
"760",2004,"Egypt",5409,0,0
"761",2005,"Egypt",8752,0,0
"762",2006,"Egypt",11063,0,0
"763",2007,"Egypt",13348,0,0
"764",2008,"Egypt",14885,14885,100
"765",2009,"Egypt",14680,0,0
"766",2010,"Egypt",13443,0,0
"767",2011,"Egypt",15493,0,0
"768",2012,"Egypt",18605,18605,100
"769",2013,"Egypt",16952,16952,100
"770",2014,"Egypt",22676,22676,100
"771",2015,"Egypt",25630,25630,100
"772",2016,"Egypt",37943,37943,100
"773",2000,"El Salvador",0,0,0
"774",2001,"El Salvador",3,3,100
"775",2002,"El Salvador",5,5,100
"776",2003,"El Salvador",8,0,0
"777",2004,"El Salvador",3,0,0
"778",2005,"El Salvador",1,1,100
"779",2006,"El Salvador",1,1,100
"780",2007,"El Salvador",0,0,0
"781",2008,"El Salvador",5,5,100
"782",2009,"El Salvador",3,2,66.6666666666667
"783",2010,"El Salvador",58,0,0
"784",2011,"El Salvador",18,18,100
"785",2012,"El Salvador",5,0,0
"786",2013,"El Salvador",0,0,0
"787",2014,"El Salvador",2,0,0
"788",2016,"El Salvador",0,0,0
"789",2000,"Eritrea",0,0,0
"790",2002,"Eritrea",0,0,0
"791",2003,"Eritrea",5,5,100
"792",2004,"Eritrea",200,200,100
"793",2005,"Eritrea",362,11,3.03867403314917
"794",2006,"Eritrea",1591,77,4.83972344437461
"795",2007,"Eritrea",2005,97,4.83790523690773
"796",2008,"Eritrea",2019,109,5.3987122337791
"797",2009,"Eritrea",132,130,98.4848484848485
"798",2010,"Eritrea",134,130,97.0149253731343
"799",2011,"Eritrea",137,0,0
"800",2012,"Eritrea",7,4,57.1428571428571
"801",2013,"Eritrea",14,14,100
"802",2014,"Eritrea",3,3,100
"803",2015,"Eritrea",1,1,100
"804",2000,"Estonia",22,0,0
"805",2001,"Estonia",15,0,0
"806",2002,"Estonia",20,0,0
"807",2003,"Estonia",7,0,0
"808",2004,"Estonia",3,0,0
"809",2005,"Estonia",9,0,0
"810",2006,"Estonia",8,0,0
"811",2007,"Estonia",7,0,0
"812",2008,"Estonia",6,0,0
"813",2009,"Estonia",7,0,0
"814",2010,"Estonia",20,0,0
"815",2011,"Estonia",10,0,0
"816",2012,"Estonia",9,0,0
"817",2013,"Estonia",7,0,0
"818",2014,"Estonia",38,0,0
"819",2015,"Estonia",95,0,0
"820",2000,"Ethiopia",2014,2014,100
"821",2001,"Ethiopia",38,38,100
"822",2002,"Ethiopia",3,3,100
"823",2003,"Ethiopia",19,7,36.8421052631579
"824",2004,"Ethiopia",10,10,100
"825",2005,"Ethiopia",47,47,100
"826",2006,"Ethiopia",209,209,100
"827",2007,"Ethiopia",320,320,100
"828",2008,"Ethiopia",185,185,100
"829",2009,"Ethiopia",1669,1669,100
"830",2010,"Ethiopia",2457,1012,41.1884411884412
"831",2011,"Ethiopia",1028,0,0
"832",2012,"Ethiopia",1349,1349,100
"833",2013,"Ethiopia",844,844,100
"834",2014,"Ethiopia",1299,1299,100
"835",2015,"Ethiopia",1446,1446,100
"836",2016,"Ethiopia",2111,2111,100
"837",2006,"Fiji",0,0,0
"838",2007,"Fiji",1,0,0
"839",2008,"Fiji",1,1,100
"840",2009,"Fiji",1,1,100
"841",2010,"Fiji",4,1,25
"842",2011,"Fiji",6,4,66.6666666666667
"843",2012,"Fiji",1,1,100
"844",2013,"Fiji",7,7,100
"845",2014,"Fiji",9,9,100
"846",2015,"Fiji",11,11,100
"847",2016,"Fiji",6,6,100
"848",2000,"Finland",0,0,0
"849",2001,"Finland",0,0,0
"850",2002,"Finland",591,0,0
"851",2003,"Finland",0,0,0
"852",2004,"Finland",0,0,0
"853",2005,"Finland",0,0,0
"854",2006,"Finland",1214,0,0
"855",2007,"Finland",1133,0,0
"856",2008,"Finland",721,0,0
"857",2009,"Finland",2744,0,0
"858",2010,"Finland",3776,0,0
"859",2011,"Finland",2088,0,0
"860",2012,"Finland",2282,0,0
"861",2013,"Finland",1881,0,0
"862",2014,"Finland",1532,0,0
"863",2015,"Finland",1754,0,0
"864",2000,"France",0,0,0
"865",2001,"France",0,0,0
"866",2002,"France",34551,0,0
"867",2003,"France",34588,0,0
"868",2004,"France",22900,0,0
"869",2005,"France",59346,0,0
"870",2006,"France",39002,0,0
"871",2007,"France",37009,0,0
"872",2008,"France",32275,0,0
"873",2009,"France",31946,0,0
"874",2010,"France",40517,0,0
"875",2011,"France",48576,0,0
"876",2012,"France",49240,0,0
"877",2013,"France",49885,0,0
"878",2014,"France",51732,0,0
"879",2000,"Gabon",2110,2110,100
"880",2001,"Gabon",3036,3036,100
"881",2002,"Gabon",3636,3636,100
"882",2003,"Gabon",5663,5663,100
"883",2004,"Gabon",5118,5118,100
"884",2005,"Gabon",4839,4839,100
"885",2006,"Gabon",4843,3894,80.4047078257279
"886",2007,"Gabon",4127,4127,100
"887",2008,"Gabon",4260,4260,100
"888",2009,"Gabon",4306,4306,100
"889",2010,"Gabon",4287,4287,100
"890",2011,"Gabon",4132,4132,100
"891",2012,"Gabon",2368,2368,100
"892",2013,"Gabon",2380,2380,100
"893",2014,"Gabon",2436,2436,100
"894",2015,"Gabon",1890,1890,100
"895",2016,"Gabon",1917,1917,100
"896",2000,"Gambia",3,0,0
"897",2001,"Gambia",224,0,0
"898",2002,"Gambia",224,0,0
"899",2003,"Gambia",0,0,0
"900",2004,"Gambia",2,0,0
"901",2005,"Gambia",602,0,0
"902",2006,"Gambia",602,0,0
"903",2007,"Gambia",602,0,0
"904",2008,"Gambia",2,2,100
"905",2009,"Gambia",0,0,0
"906",2010,"Gambia",69,37,53.6231884057971
"907",2011,"Gambia",74,39,52.7027027027027
"908",2012,"Gambia",25,25,100
"909",2013,"Gambia",0,0,0
"910",2014,"Gambia",0,0,0
"911",2015,"Gambia",2,2,100
"912",2004,"Georgia",3,0,0
"913",2005,"Georgia",11,10,90.9090909090909
"914",2006,"Georgia",8,0,0
"915",2007,"Georgia",8,0,0
"916",2008,"Georgia",10,10,100
"917",2009,"Georgia",18,9,50
"918",2010,"Georgia",26,23,88.4615384615385
"919",2011,"Georgia",44,44,100
"920",2012,"Georgia",40,40,100
"921",2013,"Georgia",467,467,100
"922",2014,"Georgia",380,366,96.3157894736842
"923",2015,"Georgia",1257,1244,98.9657915672235
"924",2016,"Georgia",596,596,100
"925",2000,"Germany",53100,0,0
"926",2001,"Germany",70266,0,0
"927",2002,"Germany",85532,0,0
"928",2003,"Germany",164000,0,0
"929",2004,"Germany",128083,0,0
"930",2005,"Germany",100841,0,0
"931",2006,"Germany",71624,0,0
"932",2007,"Germany",38488,0,0
"933",2008,"Germany",34063,0,0
"934",2009,"Germany",33295,0,0
"935",2010,"Germany",36400,0,0
"936",2011,"Germany",51991,0,0
"937",2012,"Germany",62686,0,0
"938",2013,"Germany",85560,0,0
"939",2014,"Germany",135581,0,0
"940",2015,"Germany",150257,0,0
"941",2016,"Germany",0,0,0
"942",2000,"Ghana",277,123,44.4043321299639
"943",2001,"Ghana",444,230,51.8018018018018
"944",2002,"Ghana",2499,780,31.2124849939976
"945",2003,"Ghana",8762,8762,100
"946",2004,"Ghana",4087,4087,100
"947",2005,"Ghana",6010,6010,100
"948",2006,"Ghana",5499,5499,100
"949",2007,"Ghana",5591,5591,100
"950",2008,"Ghana",444,444,100
"951",2009,"Ghana",490,490,100
"952",2010,"Ghana",598,598,100
"953",2011,"Ghana",749,749,100
"954",2012,"Ghana",12632,12632,100
"955",2013,"Ghana",2605,2605,100
"956",2014,"Ghana",1836,1836,100
"957",2015,"Ghana",2639,2639,100
"958",2016,"Ghana",1840,1840,100
"959",2000,"Greece",0,0,0
"960",2001,"Greece",2379,0,0
"961",2002,"Greece",6249,2,0.0320051208193311
"962",2003,"Greece",1805,1658,91.8559556786704
"963",2004,"Greece",7294,2810,38.5248149163696
"964",2005,"Greece",10316,2821,27.3458704924389
"965",2006,"Greece",8914,2124,23.8276867848328
"966",2007,"Greece",13560,2949,21.7477876106195
"967",2008,"Greece",28463,0,0
"968",2009,"Greece",38061,0,0
"969",2010,"Greece",48614,0,0
"970",2011,"Greece",55720,0,0
"971",2012,"Greece",44302,0,0
"972",2013,"Greece",36183,0,0
"973",2014,"Greece",49823,0,0
"974",2010,"Grenada",0,0,0
"975",2011,"Grenada",3,0,0
"976",2000,"Guatemala",6,6,100
"977",2001,"Guatemala",7,0,0
"978",2002,"Guatemala",9,0,0
"979",2003,"Guatemala",10,0,0
"980",2004,"Guatemala",2,0,0
"981",2005,"Guatemala",4,0,0
"982",2006,"Guatemala",3,3,100
"983",2007,"Guatemala",3,0,0
"984",2008,"Guatemala",2,0,0
"985",2009,"Guatemala",5,0,0
"986",2010,"Guatemala",4,1,25
"987",2011,"Guatemala",2,0,0
"988",2012,"Guatemala",11,0,0
"989",2013,"Guatemala",3,2,66.6666666666667
"990",2014,"Guatemala",15,15,100
"991",2015,"Guatemala",109,106,97.2477064220184
"992",2016,"Guatemala",113,22,19.4690265486726
"993",2000,"Guinea",0,0,0
"994",2001,"Guinea",944,0,0
"995",2002,"Guinea",874,0,0
"996",2003,"Guinea",367,0,0
"997",2004,"Guinea",2544,0,0
"998",2005,"Guinea",6317,0,0
"999",2006,"Guinea",3808,3808,100
"1000",2007,"Guinea",3889,3889,100
"1001",2008,"Guinea",4025,4025,100
"1002",2009,"Guinea",631,631,100
"1003",2010,"Guinea",928,928,100
"1004",2011,"Guinea",764,764,100
"1005",2012,"Guinea",605,605,100
"1006",2013,"Guinea",532,0,0
"1007",2014,"Guinea",315,0,0
"1008",2015,"Guinea",281,281,100
"1009",2016,"Guinea",181,0,0
"1010",2000,"Guinea-Bissau",0,0,0
"1011",2001,"Guinea-Bissau",43,43,100
"1012",2002,"Guinea-Bissau",371,371,100
"1013",2003,"Guinea-Bissau",40,40,100
"1014",2004,"Guinea-Bissau",83,83,100
"1015",2005,"Guinea-Bissau",141,141,100
"1016",2006,"Guinea-Bissau",166,166,100
"1017",2007,"Guinea-Bissau",317,317,100
"1018",2008,"Guinea-Bissau",343,343,100
"1019",2009,"Guinea-Bissau",327,327,100
"1020",2010,"Guinea-Bissau",289,289,100
"1021",2011,"Guinea-Bissau",330,330,100
"1022",2012,"Guinea-Bissau",94,94,100
"1023",2013,"Guinea-Bissau",108,108,100
"1024",2014,"Guinea-Bissau",109,109,100
"1025",2015,"Guinea-Bissau",109,109,100
"1026",2016,"Guinea-Bissau",110,110,100
"1027",2011,"Guyana",0,0,0
"1028",2012,"Guyana",1,1,100
"1029",2014,"Guyana",0,0,0
"1030",2007,"Haiti",2,2,100
"1031",2008,"Haiti",1,1,100
"1032",2009,"Haiti",0,0,0
"1033",2010,"Haiti",12,12,100
"1034",2011,"Haiti",4,4,100
"1035",2012,"Haiti",6,6,100
"1036",2013,"Haiti",12,0,0
"1037",2014,"Haiti",10,10,100
"1038",2000,"Honduras",1,0,0
"1039",2001,"Honduras",6,0,0
"1040",2002,"Honduras",4,4,100
"1041",2003,"Honduras",5,0,0
"1042",2004,"Honduras",0,0,0
"1043",2005,"Honduras",21,0,0
"1044",2006,"Honduras",50,7,14
"1045",2007,"Honduras",0,0,0
"1046",2008,"Honduras",21,0,0
"1047",2009,"Honduras",0,0,0
"1048",2010,"Honduras",1,1,100
"1049",2011,"Honduras",0,0,0
"1050",2012,"Honduras",0,0,0
"1051",2013,"Honduras",0,0,0
"1052",2014,"Honduras",16,0,0
"1053",2015,"Honduras",16,0,0
"1054",2016,"Honduras",0,0,0
"1055",2000,"Hungary",2644,0,0
"1056",2001,"Hungary",1435,0,0
"1057",2002,"Hungary",2398,0,0
"1058",2003,"Hungary",1048,0,0
"1059",2004,"Hungary",776,0,0
"1060",2005,"Hungary",524,0,0
"1061",2006,"Hungary",333,0,0
"1062",2007,"Hungary",531,531,100
"1063",2008,"Hungary",1559,1559,100
"1064",2009,"Hungary",2521,2521,100
"1065",2010,"Hungary",640,640,100
"1066",2011,"Hungary",368,0,0
"1067",2012,"Hungary",360,0,0
"1068",2013,"Hungary",386,0,0
"1069",2014,"Hungary",1968,0,0
"1070",2000,"Iceland",14,0,0
"1071",2001,"Iceland",8,0,0
"1072",2002,"Iceland",17,0,0
"1073",2003,"Iceland",23,0,0
"1074",2004,"Iceland",13,0,0
"1075",2005,"Iceland",17,0,0
"1076",2006,"Iceland",29,0,0
"1077",2007,"Iceland",33,0,0
"1078",2008,"Iceland",34,0,0
"1079",2009,"Iceland",45,0,0
"1080",2010,"Iceland",25,0,0
"1081",2011,"Iceland",39,0,0
"1082",2012,"Iceland",81,0,0
"1083",2013,"Iceland",118,0,0
"1084",2014,"Iceland",170,0,0
"1085",2015,"Iceland",91,0,0
"1086",2000,"India",20,20,100
"1087",2001,"India",59,59,100
"1088",2002,"India",207,207,100
"1089",2003,"India",501,501,100
"1090",2004,"India",535,535,100
"1091",2005,"India",314,314,100
"1092",2006,"India",303,303,100
"1093",2007,"India",681,681,100
"1094",2008,"India",2429,2429,100
"1095",2009,"India",3785,3785,100
"1096",2010,"India",5441,5441,100
"1097",2011,"India",3746,3746,100
"1098",2012,"India",3518,3518,100
"1099",2013,"India",3559,3559,100
"1100",2014,"India",3675,3675,100
"1101",2015,"India",5074,5074,100
"1102",2016,"India",6436,6436,100
"1103",2000,"Indonesia",18,18,100
"1104",2001,"Indonesia",373,373,100
"1105",2002,"Indonesia",806,806,100
"1106",2003,"Indonesia",237,237,100
"1107",2004,"Indonesia",68,68,100
"1108",2005,"Indonesia",59,59,100
"1109",2006,"Indonesia",58,58,100
"1110",2007,"Indonesia",265,265,100
"1111",2008,"Indonesia",211,211,100
"1112",2009,"Indonesia",351,351,100
"1113",2010,"Indonesia",1773,1773,100
"1114",2011,"Indonesia",2071,2071,100
"1115",2012,"Indonesia",3235,3235,100
"1116",2013,"Indonesia",6126,6126,100
"1117",2014,"Indonesia",7109,7109,100
"1118",2015,"Indonesia",6937,6937,100
"1119",2016,"Indonesia",7544,7544,100
"1120",2000,"Iran (Islamic Rep. of)",0,0,0
"1121",2002,"Iran (Islamic Rep. of)",0,0,0
"1122",2003,"Iran (Islamic Rep. of)",4,0,0
"1123",2004,"Iran (Islamic Rep. of)",22,22,100
"1124",2005,"Iran (Islamic Rep. of)",97,97,100
"1125",2006,"Iran (Islamic Rep. of)",201,201,100
"1126",2007,"Iran (Islamic Rep. of)",1199,1199,100
"1127",2008,"Iran (Islamic Rep. of)",1188,1188,100
"1128",2009,"Iran (Islamic Rep. of)",1707,1707,100
"1129",2010,"Iran (Islamic Rep. of)",1858,1858,100
"1130",2011,"Iran (Islamic Rep. of)",1775,1775,100
"1131",2012,"Iran (Islamic Rep. of)",445,445,100
"1132",2013,"Iran (Islamic Rep. of)",17,17,100
"1133",2014,"Iran (Islamic Rep. of)",47,47,100
"1134",2015,"Iran (Islamic Rep. of)",42,42,100
"1135",2016,"Iran (Islamic Rep. of)",42,42,100
"1136",2000,"Iraq",283,278,98.2332155477032
"1137",2001,"Iraq",857,438,51.1085180863477
"1138",2002,"Iraq",379,268,70.712401055409
"1139",2003,"Iraq",437,0,0
"1140",2004,"Iraq",1054,0,0
"1141",2005,"Iraq",1353,820,60.6060606060606
"1142",2006,"Iraq",1948,1948,100
"1143",2007,"Iraq",2180,2180,100
"1144",2008,"Iraq",2413,2413,100
"1145",2009,"Iraq",2057,2057,100
"1146",2010,"Iraq",3800,3800,100
"1147",2011,"Iraq",3073,3073,100
"1148",2012,"Iraq",4196,4196,100
"1149",2013,"Iraq",4914,4914,100
"1150",2014,"Iraq",6201,6201,100
"1151",2015,"Iraq",8471,8471,100
"1152",2016,"Iraq",7327,7327,100
"1153",2000,"Ireland",9767,0,0
"1154",2001,"Ireland",12048,0,0
"1155",2002,"Ireland",10910,0,0
"1156",2003,"Ireland",7424,0,0
"1157",2004,"Ireland",7410,0,0
"1158",2005,"Ireland",5042,0,0
"1159",2006,"Ireland",2421,0,0
"1160",2007,"Ireland",3299,0,0
"1161",2008,"Ireland",4359,0,0
"1162",2009,"Ireland",4494,0,0
"1163",2010,"Ireland",5553,0,0
"1164",2011,"Ireland",5153,0,0
"1165",2012,"Ireland",5458,0,0
"1166",2013,"Ireland",4593,0,0
"1167",2014,"Ireland",5602,0,0
"1168",2000,"Israel",286,286,100
"1169",2001,"Israel",422,0,0
"1170",2002,"Israel",640,0,0
"1171",2003,"Israel",703,0,0
"1172",2004,"Israel",0,0,0
"1173",2005,"Israel",783,0,0
"1174",2006,"Israel",939,939,100
"1175",2007,"Israel",857,857,100
"1176",2008,"Israel",6281,6281,100
"1177",2009,"Israel",9087,9087,100
"1178",2010,"Israel",4144,4144,100
"1179",2011,"Israel",5578,163,2.92219433488706
"1180",2012,"Israel",6460,765,11.8421052631579
"1181",2013,"Israel",5612,0,0
"1182",2014,"Israel",4760,0,0
"1183",2015,"Israel",5558,1000,17.9920834832674
"1184",2016,"Israel",11677,0,0
"1185",2000,"Italy",0,0,0
"1186",2001,"Italy",0,0,0
"1187",2002,"Italy",0,0,0
"1188",2003,"Italy",0,0,0
"1189",2004,"Italy",0,0,0
"1190",2005,"Italy",0,0,0
"1191",2006,"Italy",0,0,0
"1192",2007,"Italy",0,0,0
"1193",2008,"Italy",0,0,0
"1194",2009,"Italy",0,0,0
"1195",2010,"Italy",4365,0,0
"1196",2011,"Italy",4076,0,0
"1197",2012,"Italy",13525,0,0
"1198",2013,"Italy",14330,0,0
"1199",2014,"Italy",13653,0,0
"1200",2015,"Italy",45749,1,0.00218584012765306
"1201",2016,"Italy",60105,0,0
"1202",2000,"Jamaica",0,0,0
"1203",2009,"Jamaica",1,1,100
"1204",2012,"Jamaica",0,0,0
"1205",2013,"Jamaica",0,0,0
"1206",2014,"Jamaica",1,1,100
"1207",2000,"Japan",297,248,83.5016835016835
"1208",2001,"Japan",311,170,54.6623794212219
"1209",2002,"Japan",328,203,61.890243902439
"1210",2003,"Japan",316,248,78.4810126582278
"1211",2004,"Japan",424,181,42.688679245283
"1212",2005,"Japan",555,67,12.0720720720721
"1213",2006,"Japan",525,10,1.9047619047619
"1214",2007,"Japan",1217,168,13.8044371405094
"1215",2008,"Japan",1515,408,26.9306930693069
"1216",2009,"Japan",2504,674,26.9169329073482
"1217",2010,"Japan",2941,18,0.612036722203332
"1218",2011,"Japan",3083,18,0.583846902367824
"1219",2012,"Japan",3698,359,9.7079502433748
"1220",2013,"Japan",4830,691,14.3064182194617
"1221",2014,"Japan",6742,0,0
"1222",2015,"Japan",9225,558,6.04878048780488
"1223",2016,"Japan",7358,383,5.20521880945909
"1224",2000,"Jordan",4325,0,0
"1225",2001,"Jordan",7872,0,0
"1226",2002,"Jordan",5297,0,0
"1227",2003,"Jordan",3780,0,0
"1228",2004,"Jordan",6741,0,0
"1229",2005,"Jordan",11065,0,0
"1230",2006,"Jordan",16574,0,0
"1231",2007,"Jordan",301,301,100
"1232",2008,"Jordan",589,589,100
"1233",2009,"Jordan",698,698,100
"1234",2010,"Jordan",603,603,100
"1235",2011,"Jordan",2150,2150,100
"1236",2012,"Jordan",4975,4975,100
"1237",2013,"Jordan",2936,2936,100
"1238",2014,"Jordan",4407,4407,100
"1239",2015,"Jordan",18789,18789,100
"1240",2016,"Jordan",24878,24878,100
"1241",2000,"Kazakhstan",0,0,0
"1242",2001,"Kazakhstan",5,5,100
"1243",2002,"Kazakhstan",12,2,16.6666666666667
"1244",2003,"Kazakhstan",4,1,25
"1245",2004,"Kazakhstan",3,0,0
"1246",2005,"Kazakhstan",9,0,0
"1247",2006,"Kazakhstan",65,63,96.9230769230769
"1248",2007,"Kazakhstan",89,64,71.9101123595506
"1249",2008,"Kazakhstan",70,54,77.1428571428572
"1250",2009,"Kazakhstan",126,85,67.4603174603175
"1251",2010,"Kazakhstan",119,119,100
"1252",2011,"Kazakhstan",602,602,100
"1253",2012,"Kazakhstan",74,74,100
"1254",2013,"Kazakhstan",85,74,87.0588235294118
"1255",2014,"Kazakhstan",77,77,100
"1256",2015,"Kazakhstan",93,93,100
"1257",2016,"Kazakhstan",89,89,100
"1258",2000,"Kenya",5799,0,0
"1259",2001,"Kenya",8713,0,0
"1260",2002,"Kenya",12599,0,0
"1261",2003,"Kenya",2415,2415,100
"1262",2004,"Kenya",4022,4022,100
"1263",2005,"Kenya",9452,9171,97.0270842149809
"1264",2006,"Kenya",16826,16460,97.8247949601807
"1265",2007,"Kenya",18515,18515,100
"1266",2008,"Kenya",5765,5765,100
"1267",2009,"Kenya",8760,8760,100
"1268",2010,"Kenya",18958,18958,100
"1269",2011,"Kenya",27963,27963,100
"1270",2012,"Kenya",35274,35274,100
"1271",2013,"Kenya",41944,41944,100
"1272",2014,"Kenya",82168,82168,100
"1273",2015,"Kenya",34011,34011,100
"1274",2016,"Kenya",39938,39937,99.9974961189844
"1275",2000,"Kuwait",55,55,100
"1276",2001,"Kuwait",56,56,100
"1277",2002,"Kuwait",81,81,100
"1278",2003,"Kuwait",179,179,100
"1279",2004,"Kuwait",188,188,100
"1280",2005,"Kuwait",157,157,100
"1281",2006,"Kuwait",203,203,100
"1282",2007,"Kuwait",525,525,100
"1283",2008,"Kuwait",702,702,100
"1284",2009,"Kuwait",2647,949,35.8519078201738
"1285",2010,"Kuwait",2985,1280,42.8810720268007
"1286",2011,"Kuwait",3274,1250,38.1795968234575
"1287",2012,"Kuwait",1106,1106,100
"1288",2013,"Kuwait",807,807,100
"1289",2014,"Kuwait",1030,1030,100
"1290",2015,"Kuwait",1039,1039,100
"1291",2016,"Kuwait",883,883,100
"1292",2000,"Kyrgyzstan",183,0,0
"1293",2001,"Kyrgyzstan",386,386,100
"1294",2002,"Kyrgyzstan",470,0,0
"1295",2003,"Kyrgyzstan",654,7,1.07033639143731
"1296",2004,"Kyrgyzstan",635,369,58.1102362204724
"1297",2005,"Kyrgyzstan",456,408,89.4736842105263
"1298",2006,"Kyrgyzstan",498,488,97.9919678714859
"1299",2007,"Kyrgyzstan",569,569,100
"1300",2008,"Kyrgyzstan",715,715,100
"1301",2009,"Kyrgyzstan",765,765,100
"1302",2010,"Kyrgyzstan",495,495,100
"1303",2011,"Kyrgyzstan",554,554,100
"1304",2012,"Kyrgyzstan",408,408,100
"1305",2013,"Kyrgyzstan",350,350,100
"1306",2014,"Kyrgyzstan",378,378,100
"1307",2015,"Kyrgyzstan",207,207,100
"1308",2016,"Kyrgyzstan",183,183,100
"1309",2001,"Lao People's Dem. Rep.",0,0,0
"1310",2012,"Lao People's Dem. Rep.",0,0,0
"1311",2016,"Lao People's Dem. Rep.",0,0,0
"1312",2000,"Latvia",3,1,33.3333333333333
"1313",2001,"Latvia",2,2,100
"1314",2002,"Latvia",1,0,0
"1315",2003,"Latvia",7,0,0
"1316",2004,"Latvia",0,0,0
"1317",2005,"Latvia",1,0,0
"1318",2006,"Latvia",9,0,0
"1319",2007,"Latvia",3,0,0
"1320",2008,"Latvia",15,0,0
"1321",2009,"Latvia",36,0,0
"1322",2010,"Latvia",52,0,0
"1323",2011,"Latvia",53,0,0
"1324",2012,"Latvia",231,0,0
"1325",2013,"Latvia",172,0,0
"1326",2014,"Latvia",194,0,0
"1327",2015,"Latvia",239,0,0
"1328",2000,"Lebanon",4996,0,0
"1329",2001,"Lebanon",6023,0,0
"1330",2002,"Lebanon",3680,0,0
"1331",2003,"Lebanon",160,0,0
"1332",2004,"Lebanon",543,0,0
"1333",2005,"Lebanon",681,0,0
"1334",2006,"Lebanon",1478,0,0
"1335",2007,"Lebanon",2579,0,0
"1336",2008,"Lebanon",582,0,0
"1337",2009,"Lebanon",524,0,0
"1338",2010,"Lebanon",607,607,100
"1339",2011,"Lebanon",1417,1386,97.8122794636556
"1340",2012,"Lebanon",1736,1736,100
"1341",2013,"Lebanon",1906,1906,100
"1342",2014,"Lebanon",2331,2331,100
"1343",2015,"Lebanon",7408,7408,100
"1344",2016,"Lebanon",443,443,100
"1345",2011,"Lesotho",2,0,0
"1346",2012,"Lesotho",3,0,0
"1347",2013,"Lesotho",3,0,0
"1348",2014,"Lesotho",0,0,0
"1349",2015,"Lesotho",1,0,0
"1350",2016,"Lesotho",0,0,0
"1351",2000,"Liberia",25,23,92
"1352",2001,"Liberia",0,0,0
"1353",2002,"Liberia",0,0,0
"1354",2004,"Liberia",0,0,0
"1355",2005,"Liberia",5,0,0
"1356",2006,"Liberia",29,29,100
"1357",2007,"Liberia",53,1,1.88679245283019
"1358",2008,"Liberia",95,1,1.05263157894737
"1359",2009,"Liberia",36,36,100
"1360",2010,"Liberia",535,535,100
"1361",2011,"Liberia",28,28,100
"1362",2012,"Liberia",574,574,100
"1363",2013,"Liberia",48,48,100
"1364",2014,"Liberia",54,54,100
"1365",2015,"Liberia",46,46,100
"1366",2016,"Liberia",6,6,100
"1367",2000,"Libya",215,52,24.1860465116279
"1368",2001,"Libya",208,0,0
"1369",2002,"Libya",15,0,0
"1370",2003,"Libya",30,0,0
"1371",2004,"Libya",58,0,0
"1372",2005,"Libya",200,0,0
"1373",2006,"Libya",2722,0,0
"1374",2007,"Libya",2006,42,2.09371884346959
"1375",2008,"Libya",2773,126,4.54381536242337
"1376",2009,"Libya",4773,0,0
"1377",2010,"Libya",3237,172,5.31356194006796
"1378",2011,"Libya",3194,3194,100
"1379",2012,"Libya",2894,2894,100
"1380",2013,"Libya",2764,0,0
"1381",2014,"Libya",6617,6617,100
"1382",2015,"Libya",27460,27460,100
"1383",2016,"Libya",27458,27458,100
"1384",2000,"Liechtenstein",0,0,0
"1385",2001,"Liechtenstein",0,0,0
"1386",2002,"Liechtenstein",187,0,0
"1387",2003,"Liechtenstein",137,0,0
"1388",2004,"Liechtenstein",91,0,0
"1389",2005,"Liechtenstein",69,0,0
"1390",2006,"Liechtenstein",60,0,0
"1391",2007,"Liechtenstein",25,0,0
"1392",2008,"Liechtenstein",14,0,0
"1393",2009,"Liechtenstein",14,0,0
"1394",2010,"Liechtenstein",47,0,0
"1395",2011,"Liechtenstein",61,0,0
"1396",2012,"Liechtenstein",31,0,0
"1397",2013,"Liechtenstein",17,0,0
"1398",2014,"Liechtenstein",38,0,0
"1399",2015,"Liechtenstein",47,0,0
"1400",2016,"Liechtenstein",67,0,0
"1401",2000,"Lithuania",57,57,100
"1402",2001,"Lithuania",66,66,100
"1403",2002,"Lithuania",84,84,100
"1404",2003,"Lithuania",218,218,100
"1405",2004,"Lithuania",132,0,0
"1406",2005,"Lithuania",28,0,0
"1407",2006,"Lithuania",41,0,0
"1408",2007,"Lithuania",49,0,0
"1409",2008,"Lithuania",29,0,0
"1410",2009,"Lithuania",100,0,0
"1411",2010,"Lithuania",70,0,0
"1412",2011,"Lithuania",71,0,0
"1413",2012,"Lithuania",77,0,0
"1414",2013,"Lithuania",76,0,0
"1415",2014,"Lithuania",95,0,0
"1416",2015,"Lithuania",142,0,0
"1417",2000,"Luxembourg",0,0,0
"1418",2001,"Luxembourg",0,0,0
"1419",2002,"Luxembourg",0,0,0
"1420",2003,"Luxembourg",0,0,0
"1421",2004,"Luxembourg",0,0,0
"1422",2005,"Luxembourg",0,0,0
"1423",2006,"Luxembourg",0,0,0
"1424",2007,"Luxembourg",0,0,0
"1425",2008,"Luxembourg",38,0,0
"1426",2009,"Luxembourg",29,0,0
"1427",2010,"Luxembourg",465,0,0
"1428",2011,"Luxembourg",696,0,0
"1429",2012,"Luxembourg",1694,0,0
"1430",2013,"Luxembourg",1244,0,0
"1431",2014,"Luxembourg",1600,0,0
"1432",2015,"Luxembourg",1182,0,0
"1433",2011,"Madagascar",0,0,0
"1434",2012,"Madagascar",1,0,0
"1435",2013,"Madagascar",1,0,0
"1436",2014,"Madagascar",0,0,0
"1437",2015,"Madagascar",4,4,100
"1438",2000,"Malawi",1154,900,77.9896013864818
"1439",2002,"Malawi",4661,4661,100
"1440",2003,"Malawi",11068,11068,100
"1441",2004,"Malawi",8848,8848,100
"1442",2005,"Malawi",3334,3334,100
"1443",2006,"Malawi",5331,5331,100
"1444",2007,"Malawi",5245,5245,100
"1445",2008,"Malawi",6782,6782,100
"1446",2009,"Malawi",7304,7304,100
"1447",2010,"Malawi",4602,4602,100
"1448",2011,"Malawi",7079,7079,100
"1449",2012,"Malawi",10545,10545,100
"1450",2013,"Malawi",10120,10120,100
"1451",2014,"Malawi",11140,11140,100
"1452",2015,"Malawi",14499,14499,100
"1453",2016,"Malawi",14353,14353,100
"1454",2000,"Malaysia",30,0,0
"1455",2001,"Malaysia",24,0,0
"1456",2002,"Malaysia",252,0,0
"1457",2003,"Malaysia",1571,0,0
"1458",2004,"Malaysia",9195,527,5.73137574768896
"1459",2005,"Malaysia",10322,10322,100
"1460",2006,"Malaysia",10838,10838,100
"1461",2007,"Malaysia",9186,9186,100
"1462",2008,"Malaysia",6851,6851,100
"1463",2009,"Malaysia",9323,9323,100
"1464",2010,"Malaysia",10267,10267,100
"1465",2011,"Malaysia",11339,11339,100
"1466",2012,"Malaysia",10937,10937,100
"1467",2013,"Malaysia",11650,11650,100
"1468",2014,"Malaysia",43039,43039,100
"1469",2015,"Malaysia",51240,51240,100
"1470",2016,"Malaysia",60353,60353,100
"1471",2000,"Mali",606,606,100
"1472",2001,"Mali",710,688,96.9014084507042
"1473",2002,"Mali",804,804,100
"1474",2003,"Mali",719,719,100
"1475",2004,"Mali",712,712,100
"1476",2005,"Mali",1085,1085,100
"1477",2006,"Mali",1833,1833,100
"1478",2007,"Mali",1884,1884,100
"1479",2008,"Mali",1910,1910,100
"1480",2009,"Mali",2061,2061,100
"1481",2010,"Mali",1706,1706,100
"1482",2011,"Mali",1696,1696,100
"1483",2012,"Mali",2497,2497,100
"1484",2013,"Mali",240,240,100
"1485",2014,"Mali",293,293,100
"1486",2015,"Mali",637,637,100
"1487",2016,"Mali",336,336,100
"1488",2000,"Malta",15,0,0
"1489",2001,"Malta",13,0,0
"1490",2002,"Malta",0,0,0
"1491",2003,"Malta",27,0,0
"1492",2004,"Malta",32,0,0
"1493",2005,"Malta",141,0,0
"1494",2006,"Malta",149,0,0
"1495",2007,"Malta",310,0,0
"1496",2008,"Malta",725,0,0
"1497",2009,"Malta",1518,0,0
"1498",2010,"Malta",1375,0,0
"1499",2011,"Malta",1184,0,0
"1500",2012,"Malta",1462,0,0
"1501",2013,"Malta",681,0,0
"1502",2014,"Malta",902,0,0
"1503",2000,"Mauritania",65,0,0
"1504",2001,"Mauritania",44,0,0
"1505",2002,"Mauritania",16,0,0
"1506",2003,"Mauritania",12,0,0
"1507",2004,"Mauritania",55,0,0
"1508",2005,"Mauritania",137,0,0
"1509",2006,"Mauritania",92,92,100
"1510",2007,"Mauritania",91,9,9.89010989010989
"1511",2008,"Mauritania",25,3,12
"1512",2009,"Mauritania",61,0,0
"1513",2010,"Mauritania",118,0,0
"1514",2011,"Mauritania",241,241,100
"1515",2012,"Mauritania",282,282,100
"1516",2013,"Mauritania",799,799,100
"1517",2014,"Mauritania",845,845,100
"1518",2015,"Mauritania",413,413,100
"1519",2016,"Mauritania",462,462,100
"1520",2000,"Mexico",0,0,0
"1521",2001,"Mexico",11,0,0
"1522",2002,"Mexico",12,0,0
"1523",2003,"Mexico",67,23,34.3283582089552
"1524",2004,"Mexico",83,25,30.1204819277108
"1525",2005,"Mexico",160,38,23.75
"1526",2006,"Mexico",160,79,49.375
"1527",2007,"Mexico",123,0,0
"1528",2008,"Mexico",49,0,0
"1529",2009,"Mexico",18,0,0
"1530",2010,"Mexico",105,0,0
"1531",2011,"Mexico",172,79,45.9302325581395
"1532",2012,"Mexico",172,77,44.7674418604651
"1533",2013,"Mexico",357,152,42.5770308123249
"1534",2014,"Mexico",1348,140,10.3857566765579
"1535",2015,"Mexico",1176,164,13.9455782312925
"1536",2016,"Mexico",914,483,52.8446389496718
"1537",2015,"Micronesia (Federated States of)",0,0,0
"1538",2010,"Monaco",0,0,0
"1539",2013,"Monaco",0,0,0
"1540",2005,"Mongolia",4,2,50
"1541",2006,"Mongolia",0,0,0
"1542",2007,"Mongolia",2,1,50
"1543",2008,"Mongolia",2,2,100
"1544",2009,"Mongolia",0,0,0
"1545",2010,"Mongolia",3,0,0
"1546",2011,"Mongolia",1,0,0
"1547",2012,"Mongolia",5,0,0
"1548",2013,"Mongolia",9,0,0
"1549",2014,"Mongolia",6,6,100
"1550",2015,"Mongolia",9,9,100
"1551",2006,"Montenegro",0,0,0
"1552",2007,"Montenegro",10,10,100
"1553",2008,"Montenegro",2,2,100
"1554",2009,"Montenegro",1,1,100
"1555",2010,"Montenegro",7,7,100
"1556",2011,"Montenegro",5,5,100
"1557",2012,"Montenegro",38,38,100
"1558",2013,"Montenegro",109,42,38.5321100917431
"1559",2014,"Montenegro",195,46,23.5897435897436
"1560",2015,"Montenegro",69,69,100
"1561",2016,"Montenegro",18,18,100
"1562",2010,"Montserrat",14,0,0
"1563",2011,"Montserrat",14,0,0
"1564",2012,"Montserrat",5,5,100
"1565",2013,"Montserrat",5,0,0
"1566",2000,"Morocco",0,0,0
"1567",2001,"Morocco",194,0,0
"1568",2002,"Morocco",449,0,0
"1569",2003,"Morocco",115,0,0
"1570",2004,"Morocco",177,0,0
"1571",2005,"Morocco",124,0,0
"1572",2006,"Morocco",1578,0,0
"1573",2007,"Morocco",1375,0,0
"1574",2008,"Morocco",671,0,0
"1575",2009,"Morocco",469,0,0
"1576",2010,"Morocco",315,0,0
"1577",2011,"Morocco",302,302,100
"1578",2012,"Morocco",615,615,100
"1579",2013,"Morocco",2178,2178,100
"1580",2014,"Morocco",3503,3503,100
"1581",2015,"Morocco",1832,1832,100
"1582",2016,"Morocco",1509,1509,100
"1583",2000,"Mozambique",1192,1192,100
"1584",2001,"Mozambique",2278,2278,100
"1585",2002,"Mozambique",5315,5315,100
"1586",2003,"Mozambique",6983,2633,37.7058570814836
"1587",2004,"Mozambique",9225,4494,48.7154471544715
"1588",2005,"Mozambique",4893,3678,75.1686082158185
"1589",2006,"Mozambique",4015,3522,87.7210460772105
"1590",2007,"Mozambique",4310,3562,82.6450116009281
"1591",2008,"Mozambique",4161,3030,72.8190338860851
"1592",2009,"Mozambique",4456,3072,68.9407540394973
"1593",2010,"Mozambique",3935,2645,67.2172808132147
"1594",2011,"Mozambique",5912,4242,71.7523680649526
"1595",2012,"Mozambique",9592,7174,74.791492910759
"1596",2013,"Mozambique",8200,4812,58.6829268292683
"1597",2014,"Mozambique",10674,5995,56.1645118980701
"1598",2015,"Mozambique",13290,8024,60.3762227238525
"1599",2016,"Mozambique",13908,9995,71.8651136036813
"1600",2000,"Namibia",421,421,100
"1601",2001,"Namibia",1101,0,0
"1602",2002,"Namibia",1817,1817,100
"1603",2003,"Namibia",769,769,100
"1604",2004,"Namibia",1872,1872,100
"1605",2005,"Namibia",2040,2040,100
"1606",2006,"Namibia",1079,1073,99.4439295644115
"1607",2007,"Namibia",1120,1120,100
"1608",2008,"Namibia",1205,1205,100
"1609",2009,"Namibia",1323,1323,100
"1610",2010,"Namibia",1343,1343,100
"1611",2011,"Namibia",1421,1421,100
"1612",2012,"Namibia",928,928,100
"1613",2013,"Namibia",1089,1089,100
"1614",2014,"Namibia",1162,1162,100
"1615",2015,"Namibia",821,707,86.1144945188794
"1616",2016,"Namibia",1087,1026,94.3882244710211
"1617",2012,"Nauru",0,0,0
"1618",2013,"Nauru",379,0,0
"1619",2014,"Nauru",260,0,0
"1620",2015,"Nauru",954,0,0
"1621",2000,"Nepal",16,3,18.75
"1622",2001,"Nepal",11,1,9.09090909090909
"1623",2002,"Nepal",12,0,0
"1624",2003,"Nepal",240,8,3.33333333333333
"1625",2004,"Nepal",235,17,7.23404255319149
"1626",2005,"Nepal",652,8,1.22699386503067
"1627",2006,"Nepal",1272,238,18.7106918238994
"1628",2007,"Nepal",1481,138,9.31802835921675
"1629",2008,"Nepal",1633,83,5.08266993263931
"1630",2009,"Nepal",981,30,3.05810397553517
"1631",2010,"Nepal",978,40,4.08997955010225
"1632",2011,"Nepal",938,0,0
"1633",2012,"Nepal",928,14,1.50862068965517
"1634",2013,"Nepal",23,23,100
"1635",2014,"Nepal",236,236,100
"1636",2015,"Nepal",137,137,100
"1637",2016,"Nepal",8,8,100
"1638",2000,"Netherlands",0,0,0
"1639",2001,"Netherlands",84467,0,0
"1640",2002,"Netherlands",78551,0,0
"1641",2003,"Netherlands",58159,0,0
"1642",2004,"Netherlands",44672,0,0
"1643",2005,"Netherlands",28452,0,0
"1644",2006,"Netherlands",14664,0,0
"1645",2007,"Netherlands",7625,0,0
"1646",2008,"Netherlands",5840,0,0
"1647",2009,"Netherlands",9743,0,0
"1648",2010,"Netherlands",16245,0,0
"1649",2011,"Netherlands",13053,0,0
"1650",2012,"Netherlands",10420,0,0
"1651",2013,"Netherlands",0,0,0
"1652",2014,"Netherlands",0,0,0
"1653",2000,"New Zealand",258,0,0
"1654",2001,"New Zealand",2337,0,0
"1655",2002,"New Zealand",1917,0,0
"1656",2003,"New Zealand",1320,0,0
"1657",2004,"New Zealand",1028,0,0
"1658",2005,"New Zealand",746,0,0
"1659",2006,"New Zealand",396,0,0
"1660",2007,"New Zealand",229,0,0
"1661",2008,"New Zealand",178,0,0
"1662",2009,"New Zealand",152,0,0
"1663",2010,"New Zealand",231,0,0
"1664",2011,"New Zealand",215,0,0
"1665",2012,"New Zealand",239,0,0
"1666",2013,"New Zealand",277,0,0
"1667",2014,"New Zealand",308,0,0
"1668",2015,"New Zealand",274,0,0
"1669",2016,"New Zealand",102,0,0
"1670",2000,"Nicaragua",13,5,38.4615384615385
"1671",2001,"Nicaragua",11,11,100
"1672",2002,"Nicaragua",21,21,100
"1673",2003,"Nicaragua",16,10,62.5
"1674",2004,"Nicaragua",17,11,64.7058823529412
"1675",2005,"Nicaragua",1,1,100
"1676",2006,"Nicaragua",4,1,25
"1677",2007,"Nicaragua",9,0,0
"1678",2008,"Nicaragua",25,25,100
"1679",2009,"Nicaragua",0,0,0
"1680",2010,"Nicaragua",1,0,0
"1681",2011,"Nicaragua",12,9,75
"1682",2012,"Nicaragua",6,6,100
"1683",2013,"Nicaragua",10,10,100
"1684",2014,"Nicaragua",17,17,100
"1685",2015,"Nicaragua",59,59,100
"1686",2016,"Nicaragua",126,115,91.2698412698413
"1687",2000,"Niger",302,0,0
"1688",2001,"Niger",446,0,0
"1689",2002,"Niger",446,0,0
"1690",2003,"Niger",97,0,0
"1691",2004,"Niger",34,0,0
"1692",2005,"Niger",41,12,29.2682926829268
"1693",2006,"Niger",48,0,0
"1694",2007,"Niger",20,0,0
"1695",2008,"Niger",19,19,100
"1696",2009,"Niger",33,33,100
"1697",2010,"Niger",32,32,100
"1698",2011,"Niger",18,18,100
"1699",2012,"Niger",103,103,100
"1700",2013,"Niger",124,82,66.1290322580645
"1701",2014,"Niger",84,84,100
"1702",2015,"Niger",106,106,100
"1703",2016,"Niger",103,103,100
"1704",2000,"Nigeria",0,0,0
"1705",2001,"Nigeria",0,0,0
"1706",2002,"Nigeria",132,132,100
"1707",2003,"Nigeria",30,30,100
"1708",2004,"Nigeria",1124,1124,100
"1709",2005,"Nigeria",1087,1087,100
"1710",2006,"Nigeria",420,420,100
"1711",2007,"Nigeria",676,676,100
"1712",2008,"Nigeria",700,700,100
"1713",2009,"Nigeria",1218,1218,100
"1714",2010,"Nigeria",1145,1145,100
"1715",2011,"Nigeria",1815,1815,100
"1716",2012,"Nigeria",1529,1529,100
"1717",2013,"Nigeria",1042,1042,100
"1718",2014,"Nigeria",814,814,100
"1719",2015,"Nigeria",856,856,100
"1720",2016,"Nigeria",375,375,100
"1721",2000,"Norway",0,0,0
"1722",2001,"Norway",0,0,0
"1723",2002,"Norway",0,0,0
"1724",2003,"Norway",0,0,0
"1725",2004,"Norway",0,0,0
"1726",2005,"Norway",0,0,0
"1727",2006,"Norway",2796,0,0
"1728",2007,"Norway",8187,0,0
"1729",2008,"Norway",6677,0,0
"1730",2009,"Norway",13624,0,0
"1731",2010,"Norway",16639,0,0
"1732",2011,"Norway",12473,0,0
"1733",2012,"Norway",11166,0,0
"1734",2013,"Norway",9353,0,0
"1735",2014,"Norway",6167,0,0
"1736",2015,"Norway",6795,0,0
"1737",2000,"Oman",2,0,0
"1738",2001,"Oman",3,0,0
"1739",2002,"Oman",23,0,0
"1740",2003,"Oman",25,17,68
"1741",2004,"Oman",24,0,0
"1742",2005,"Oman",24,0,0
"1743",2006,"Oman",4,0,0
"1744",2007,"Oman",7,0,0
"1745",2008,"Oman",41,0,0
"1746",2009,"Oman",47,0,0
"1747",2010,"Oman",12,0,0
"1748",2011,"Oman",13,13,100
"1749",2012,"Oman",43,43,100
"1750",2013,"Oman",20,20,100
"1751",2014,"Oman",79,79,100
"1752",2015,"Oman",268,268,100
"1753",2016,"Oman",185,185,100
"1754",2000,"Pakistan",255,0,0
"1755",2001,"Pakistan",799,0,0
"1756",2002,"Pakistan",1764,0,0
"1757",2003,"Pakistan",16957,0,0
"1758",2004,"Pakistan",13703,0,0
"1759",2005,"Pakistan",8157,8157,100
"1760",2006,"Pakistan",3428,3428,100
"1761",2007,"Pakistan",2680,2680,100
"1762",2008,"Pakistan",3126,3126,100
"1763",2009,"Pakistan",2951,2951,100
"1764",2010,"Pakistan",2430,2430,100
"1765",2011,"Pakistan",2095,2095,100
"1766",2012,"Pakistan",1624,1624,100
"1767",2013,"Pakistan",3284,3284,100
"1768",2014,"Pakistan",4045,4045,100
"1769",2015,"Pakistan",5527,5527,100
"1770",2016,"Pakistan",6436,6436,100
"1771",2009,"Palau",0,0,0
"1772",2010,"Palau",1,1,100
"1773",2011,"Palau",0,0,0
"1774",2012,"Palau",0,0,0
"1775",2013,"Palau",2,2,100
"1776",2014,"Palau",0,0,0
"1777",2016,"Palau",0,0,0
"1778",2000,"Panama",57,57,100
"1779",2001,"Panama",95,95,100
"1780",2002,"Panama",63,63,100
"1781",2003,"Panama",89,64,71.9101123595506
"1782",2004,"Panama",102,102,100
"1783",2005,"Panama",280,280,100
"1784",2006,"Panama",495,495,100
"1785",2007,"Panama",244,233,95.4918032786885
"1786",2008,"Panama",530,420,79.2452830188679
"1787",2009,"Panama",609,550,90.311986863711
"1788",2010,"Panama",728,672,92.3076923076923
"1789",2011,"Panama",479,434,90.6054279749478
"1790",2012,"Panama",794,736,92.6952141057935
"1791",2013,"Panama",365,326,89.3150684931507
"1792",2014,"Panama",630,630,100
"1793",2015,"Panama",1401,1156,82.5124910778016
"1794",2016,"Panama",2904,2713,93.4228650137741
"1795",2002,"Papua New Guinea",0,0,0
"1796",2003,"Papua New Guinea",300,0,0
"1797",2004,"Papua New Guinea",310,0,0
"1798",2005,"Papua New Guinea",196,193,98.469387755102
"1799",2006,"Papua New Guinea",4,1,25
"1800",2007,"Papua New Guinea",2,2,100
"1801",2008,"Papua New Guinea",9,9,100
"1802",2009,"Papua New Guinea",7,6,85.7142857142857
"1803",2010,"Papua New Guinea",3,2,66.6666666666667
"1804",2011,"Papua New Guinea",6,1,16.6666666666667
"1805",2012,"Papua New Guinea",1,0,0
"1806",2013,"Papua New Guinea",155,0,0
"1807",2014,"Papua New Guinea",114,0,0
"1808",2015,"Papua New Guinea",445,0,0
"1809",2016,"Papua New Guinea",210,0,0
"1810",2000,"Paraguay",1,1,100
"1811",2001,"Paraguay",4,4,100
"1812",2002,"Paraguay",12,12,100
"1813",2003,"Paraguay",4,4,100
"1814",2004,"Paraguay",4,4,100
"1815",2005,"Paraguay",6,6,100
"1816",2006,"Paraguay",8,8,100
"1817",2007,"Paraguay",2,2,100
"1818",2008,"Paraguay",14,14,100
"1819",2009,"Paraguay",4,4,100
"1820",2010,"Paraguay",4,4,100
"1821",2011,"Paraguay",7,7,100
"1822",2012,"Paraguay",11,11,100
"1823",2013,"Paraguay",10,4,40
"1824",2014,"Paraguay",0,0,0
"1825",2015,"Paraguay",1,1,100
"1826",2016,"Paraguay",30,16,53.3333333333333
"1827",2000,"Peru",4,4,100
"1828",2001,"Peru",7,7,100
"1829",2002,"Peru",63,25,39.6825396825397
"1830",2003,"Peru",140,70,50
"1831",2004,"Peru",182,145,79.6703296703297
"1832",2005,"Peru",232,174,75
"1833",2006,"Peru",336,125,37.202380952381
"1834",2007,"Peru",488,179,36.6803278688525
"1835",2008,"Peru",541,157,29.0203327171904
"1836",2009,"Peru",587,131,22.3168654173765
"1837",2010,"Peru",375,129,34.4
"1838",2011,"Peru",264,177,67.0454545454545
"1839",2012,"Peru",494,305,61.7408906882591
"1840",2013,"Peru",478,210,43.9330543933054
"1841",2014,"Peru",507,189,37.2781065088757
"1842",2015,"Peru",330,149,45.1515151515152
"1843",2000,"Philippines",6,0,0
"1844",2001,"Philippines",30,1,3.33333333333333
"1845",2002,"Philippines",41,0,0
"1846",2003,"Philippines",47,1,2.12765957446809
"1847",2004,"Philippines",38,0,0
"1848",2005,"Philippines",44,5,11.3636363636364
"1849",2006,"Philippines",42,4,9.52380952380952
"1850",2007,"Philippines",40,0,0
"1851",2008,"Philippines",31,0,0
"1852",2009,"Philippines",89,0,0
"1853",2010,"Philippines",55,0,0
"1854",2011,"Philippines",73,1,1.36986301369863
"1855",2012,"Philippines",58,58,100
"1856",2013,"Philippines",32,0,0
"1857",2014,"Philippines",79,0,0
"1858",2015,"Philippines",109,0,0
"1859",2000,"Poland",0,0,0
"1860",2001,"Poland",0,0,0
"1861",2002,"Poland",0,0,0
"1862",2003,"Poland",2559,0,0
"1863",2004,"Poland",1516,0,0
"1864",2005,"Poland",3532,0,0
"1865",2006,"Poland",2146,0,0
"1866",2007,"Poland",2057,0,0
"1867",2008,"Poland",4449,0,0
"1868",2009,"Poland",4858,0,0
"1869",2010,"Poland",2402,0,0
"1870",2011,"Poland",2123,0,0
"1871",2012,"Poland",2886,0,0
"1872",2013,"Poland",2390,0,0
"1873",2014,"Poland",2151,0,0
"1874",2000,"Portugal",0,0,0
"1875",2001,"Portugal",0,0,0
"1876",2002,"Portugal",0,0,0
"1877",2003,"Portugal",0,0,0
"1878",2004,"Portugal",0,0,0
"1879",2005,"Portugal",0,0,0
"1880",2006,"Portugal",0,0,0
"1881",2007,"Portugal",0,0,0
"1882",2008,"Portugal",0,0,0
"1883",2009,"Portugal",0,0,0
"1884",2010,"Portugal",59,0,0
"1885",2011,"Portugal",57,0,0
"1886",2012,"Portugal",213,0,0
"1887",2013,"Portugal",205,0,0
"1888",2014,"Portugal",212,0,0
"1889",2015,"Portugal",344,0,0
"1890",2000,"Qatar",25,0,0
"1891",2001,"Qatar",4,0,0
"1892",2002,"Qatar",12,0,0
"1893",2003,"Qatar",23,0,0
"1894",2004,"Qatar",50,0,0
"1895",2005,"Qatar",24,0,0
"1896",2006,"Qatar",28,0,0
"1897",2007,"Qatar",35,0,0
"1898",2008,"Qatar",44,0,0
"1899",2009,"Qatar",37,0,0
"1900",2010,"Qatar",8,0,0
"1901",2011,"Qatar",16,0,0
"1902",2012,"Qatar",49,49,100
"1903",2013,"Qatar",57,57,100
"1904",2014,"Qatar",11,11,100
"1905",2015,"Qatar",88,88,100
"1906",2016,"Qatar",116,116,100
"1907",2000,"Rep. of Korea",4,3,75
"1908",2001,"Rep. of Korea",46,46,100
"1909",2002,"Rep. of Korea",68,68,100
"1910",2003,"Rep. of Korea",72,68,94.4444444444444
"1911",2004,"Rep. of Korea",139,136,97.841726618705
"1912",2005,"Rep. of Korea",247,167,67.6113360323887
"1913",2006,"Rep. of Korea",519,291,56.0693641618497
"1914",2007,"Rep. of Korea",614,413,67.2638436482085
"1915",2008,"Rep. of Korea",1155,500,43.2900432900433
"1916",2009,"Rep. of Korea",1290,14,1.08527131782946
"1917",2010,"Rep. of Korea",586,24,4.09556313993174
"1918",2011,"Rep. of Korea",715,15,2.0979020979021
"1919",2012,"Rep. of Korea",1182,171,14.4670050761421
"1920",2013,"Rep. of Korea",1751,275,15.7053112507139
"1921",2014,"Rep. of Korea",2397,320,13.3500208594076
"1922",2015,"Rep. of Korea",3108,452,14.5431145431145
"1923",2016,"Rep. of Korea",4237,413,9.74746282747227
"1924",2000,"Rep. of Moldova",225,225,100
"1925",2001,"Rep. of Moldova",198,198,100
"1926",2002,"Rep. of Moldova",113,113,100
"1927",2003,"Rep. of Moldova",87,87,100
"1928",2004,"Rep. of Moldova",140,140,100
"1929",2005,"Rep. of Moldova",184,184,100
"1930",2006,"Rep. of Moldova",148,148,100
"1931",2007,"Rep. of Moldova",78,78,100
"1932",2008,"Rep. of Moldova",79,79,100
"1933",2009,"Rep. of Moldova",33,33,100
"1934",2010,"Rep. of Moldova",52,52,100
"1935",2011,"Rep. of Moldova",81,81,100
"1936",2012,"Rep. of Moldova",49,49,100
"1937",2013,"Rep. of Moldova",75,75,100
"1938",2014,"Rep. of Moldova",87,87,100
"1939",2015,"Rep. of Moldova",149,149,100
"1940",2016,"Rep. of Moldova",74,74,100
"1941",2000,"Romania",45,41,91.1111111111111
"1942",2001,"Romania",0,0,0
"1943",2002,"Romania",33,0,0
"1944",2003,"Romania",35,0,0
"1945",2004,"Romania",131,128,97.7099236641221
"1946",2005,"Romania",212,182,85.8490566037736
"1947",2006,"Romania",265,207,78.1132075471698
"1948",2007,"Romania",177,166,93.7853107344633
"1949",2008,"Romania",166,140,84.3373493975904
"1950",2009,"Romania",303,105,34.6534653465347
"1951",2010,"Romania",398,363,91.2060301507538
"1952",2011,"Romania",388,98,25.2577319587629
"1953",2012,"Romania",51,51,100
"1954",2013,"Romania",35,34,97.1428571428571
"1955",2014,"Romania",345,145,42.0289855072464
"1956",2015,"Romania",360,309,85.8333333333333
"1957",2016,"Romania",361,344,95.2908587257618
"1958",2000,"Russian Federation",1119,0,0
"1959",2001,"Russian Federation",691,0,0
"1960",2002,"Russian Federation",732,0,0
"1961",2003,"Russian Federation",610,0,0
"1962",2004,"Russian Federation",272,0,0
"1963",2005,"Russian Federation",315,315,100
"1964",2006,"Russian Federation",292,292,100
"1965",2007,"Russian Federation",291,291,100
"1966",2008,"Russian Federation",3080,3080,100
"1967",2009,"Russian Federation",1800,1800,100
"1968",2010,"Russian Federation",1678,1678,100
"1969",2011,"Russian Federation",1463,1463,100
"1970",2012,"Russian Federation",962,909,94.4906444906445
"1971",2013,"Russian Federation",844,844,100
"1972",2014,"Russian Federation",1240,1240,100
"1973",2015,"Russian Federation",3086,855,27.7057679844459
"1974",2016,"Russian Federation",1991,894,44.9020592667001
"1975",2000,"Rwanda",1332,1332,100
"1976",2001,"Rwanda",1712,1712,100
"1977",2002,"Rwanda",1716,1716,100
"1978",2003,"Rwanda",1581,1581,100
"1979",2004,"Rwanda",3015,3015,100
"1980",2005,"Rwanda",3496,3255,93.1064073226545
"1981",2006,"Rwanda",4302,4302,100
"1982",2007,"Rwanda",3944,3944,100
"1983",2008,"Rwanda",728,728,100
"1984",2009,"Rwanda",352,0,0
"1985",2010,"Rwanda",282,282,100
"1986",2011,"Rwanda",290,290,100
"1987",2012,"Rwanda",296,296,100
"1988",2013,"Rwanda",1479,1479,100
"1989",2014,"Rwanda",214,214,100
"1990",2015,"Rwanda",225,225,100
"1991",2016,"Rwanda",406,406,100
"1992",2009,"Saint Kitts and Nevis",1,1,100
"1993",2012,"Saint Kitts and Nevis",0,0,0
"1994",2013,"Saint Kitts and Nevis",1,1,100
"1995",2014,"Saint Kitts and Nevis",2,1,50
"1996",2007,"Saint Lucia",2,2,100
"1997",2008,"Saint Lucia",3,2,66.6666666666667
"1998",2009,"Saint Lucia",1,1,100
"1999",2010,"Saint Lucia",4,4,100
"2000",2011,"Saint Lucia",6,6,100
"2001",2012,"Saint Lucia",3,3,100
"2002",2013,"Saint Lucia",1,1,100
"2003",2014,"Saint Lucia",1,0,0
"2004",2009,"Saint Vincent and the Grenadines",1,1,100
"2005",2010,"Saint Vincent and the Grenadines",1,0,0
"2006",2011,"Saint Vincent and the Grenadines",0,0,0
"2007",2012,"Saint Vincent and the Grenadines",1,1,100
"2008",2015,"Samoa",0,0,0
"2009",2000,"Saudi Arabia",138,44,31.8840579710145
"2010",2001,"Saudi Arabia",171,6,3.50877192982456
"2011",2002,"Saudi Arabia",234,0,0
"2012",2003,"Saudi Arabia",75,0,0
"2013",2004,"Saudi Arabia",93,0,0
"2014",2005,"Saudi Arabia",170,0,0
"2015",2006,"Saudi Arabia",212,0,0
"2016",2007,"Saudi Arabia",278,0,0
"2017",2008,"Saudi Arabia",293,0,0
"2018",2009,"Saudi Arabia",192,0,0
"2019",2010,"Saudi Arabia",104,104,100
"2020",2011,"Saudi Arabia",87,87,100
"2021",2012,"Saudi Arabia",80,80,100
"2022",2013,"Saudi Arabia",99,99,100
"2023",2014,"Saudi Arabia",99,99,100
"2024",2015,"Saudi Arabia",100,100,100
"2025",2016,"Saudi Arabia",23,23,100
"2026",2000,"Senegal",2113,2113,100
"2027",2001,"Senegal",1950,1429,73.2820512820513
"2028",2002,"Senegal",2640,2640,100
"2029",2003,"Senegal",1928,1928,100
"2030",2004,"Senegal",2265,2265,100
"2031",2005,"Senegal",2412,2412,100
"2032",2006,"Senegal",2629,2629,100
"2033",2007,"Senegal",2634,2634,100
"2034",2008,"Senegal",2538,2538,100
"2035",2009,"Senegal",2694,2694,100
"2036",2010,"Senegal",2796,2796,100
"2037",2011,"Senegal",2177,2177,100
"2038",2012,"Senegal",2263,2263,100
"2039",2013,"Senegal",2333,2333,100
"2040",2014,"Senegal",2481,2481,100
"2041",2015,"Senegal",2914,2914,100
"2042",2016,"Senegal",3086,3086,100
"2043",2000,"Serbia and Kosovo (S/RES/1244 (1999))",26,26,100
"2044",2001,"Serbia and Kosovo (S/RES/1244 (1999))",12,12,100
"2045",2002,"Serbia and Kosovo (S/RES/1244 (1999))",53,53,100
"2046",2003,"Serbia and Kosovo (S/RES/1244 (1999))",35,35,100
"2047",2004,"Serbia and Kosovo (S/RES/1244 (1999))",32,32,100
"2048",2005,"Serbia and Kosovo (S/RES/1244 (1999))",40,40,100
"2049",2006,"Serbia and Kosovo (S/RES/1244 (1999))",33,31,93.9393939393939
"2050",2007,"Serbia and Kosovo (S/RES/1244 (1999))",5,5,100
"2051",2008,"Serbia and Kosovo (S/RES/1244 (1999))",12,12,100
"2052",2009,"Serbia and Kosovo (S/RES/1244 (1999))",39,39,100
"2053",2010,"Serbia and Kosovo (S/RES/1244 (1999))",30,30,100
"2054",2011,"Serbia and Kosovo (S/RES/1244 (1999))",113,113,100
"2055",2012,"Serbia and Kosovo (S/RES/1244 (1999))",34,34,100
"2056",2013,"Serbia and Kosovo (S/RES/1244 (1999))",241,241,100
"2057",2014,"Serbia and Kosovo (S/RES/1244 (1999))",244,244,100
"2058",2015,"Serbia and Kosovo (S/RES/1244 (1999))",438,438,100
"2059",2016,"Serbia and Kosovo (S/RES/1244 (1999))",158,158,100
"2060",2000,"Sierra Leone",26,25,96.1538461538462
"2061",2001,"Sierra Leone",1277,1277,100
"2062",2002,"Sierra Leone",274,1,0.364963503649635
"2063",2003,"Sierra Leone",277,4,1.44404332129964
"2064",2004,"Sierra Leone",141,130,92.1985815602837
"2065",2005,"Sierra Leone",139,126,90.6474820143885
"2066",2006,"Sierra Leone",177,122,68.9265536723164
"2067",2007,"Sierra Leone",228,228,100
"2068",2008,"Sierra Leone",226,0,0
"2069",2009,"Sierra Leone",329,7,2.12765957446809
"2070",2010,"Sierra Leone",213,0,0
"2071",2011,"Sierra Leone",210,0,0
"2072",2012,"Sierra Leone",64,0,0
"2073",2013,"Sierra Leone",67,0,0
"2074",2014,"Sierra Leone",38,0,0
"2075",2015,"Sierra Leone",15,0,0
"2076",2000,"Singapore",0,0,0
"2077",2001,"Singapore",0,0,0
"2078",2002,"Singapore",2,0,0
"2079",2003,"Singapore",2,2,100
"2080",2004,"Singapore",2,2,100
"2081",2005,"Singapore",3,3,100
"2082",2006,"Singapore",1,1,100
"2083",2007,"Singapore",10,10,100
"2084",2008,"Singapore",24,24,100
"2085",2012,"Singapore",0,0,0
"2086",2013,"Singapore",0,0,0
"2087",2014,"Singapore",0,0,0
"2088",2016,"Singapore",0,0,0
"2089",2010,"Sint Maarten (Dutch part)",0,0,0
"2090",2012,"Sint Maarten (Dutch part)",0,0,0
"2091",2013,"Sint Maarten (Dutch part)",4,4,100
"2092",2014,"Sint Maarten (Dutch part)",5,5,100
"2093",2015,"Sint Maarten (Dutch part)",5,5,100
"2094",2016,"Sint Maarten (Dutch part)",5,5,100
"2095",2000,"Slovakia",328,0,0
"2096",2001,"Slovakia",387,0,0
"2097",2002,"Slovakia",3152,0,0
"2098",2003,"Slovakia",4508,0,0
"2099",2004,"Slovakia",4653,0,0
"2100",2005,"Slovakia",2916,2916,100
"2101",2006,"Slovakia",2707,2707,100
"2102",2007,"Slovakia",604,0,0
"2103",2008,"Slovakia",584,0,0
"2104",2009,"Slovakia",456,0,0
"2105",2010,"Slovakia",254,0,0
"2106",2011,"Slovakia",267,0,0
"2107",2012,"Slovakia",185,0,0
"2108",2013,"Slovakia",221,0,0
"2109",2014,"Slovakia",170,0,0
"2110",2000,"Slovenia",607,0,0
"2111",2001,"Slovenia",8834,8834,100
"2112",2002,"Slovenia",305,305,100
"2113",2003,"Slovenia",197,195,98.9847715736041
"2114",2004,"Slovenia",170,170,100
"2115",2005,"Slovenia",323,323,100
"2116",2006,"Slovenia",184,0,0
"2117",2007,"Slovenia",194,0,0
"2118",2008,"Slovenia",58,0,0
"2119",2009,"Slovenia",89,0,0
"2120",2010,"Slovenia",80,0,0
"2121",2011,"Slovenia",121,0,0
"2122",2012,"Slovenia",103,0,0
"2123",2013,"Slovenia",100,0,0
"2124",2014,"Slovenia",21,0,0
"2125",2016,"Slovenia",77,0,0
"2126",2012,"Solomon Islands",0,0,0
"2127",2013,"Solomon Islands",3,3,100
"2128",2014,"Solomon Islands",3,3,100
"2129",2000,"Somalia",0,0,0
"2130",2001,"Somalia",10,9,90
"2131",2002,"Somalia",260,0,0
"2132",2003,"Somalia",215,1,0.465116279069767
"2133",2004,"Somalia",196,0,0
"2134",2005,"Somalia",334,0,0
"2135",2006,"Somalia",200,0,0
"2136",2007,"Somalia",2845,2845,100
"2137",2008,"Somalia",8659,8659,100
"2138",2009,"Somalia",9246,9246,100
"2139",2010,"Somalia",24668,24668,100
"2140",2011,"Somalia",24111,24111,100
"2141",2012,"Somalia",6016,6016,100
"2142",2013,"Somalia",8465,8465,100
"2143",2014,"Somalia",9876,9876,100
"2144",2015,"Somalia",9265,9265,100
"2145",2016,"Somalia",10105,10105,100
"2146",2000,"South Africa",17325,7446,42.978354978355
"2147",2001,"South Africa",24811,6449,25.992503325138
"2148",2002,"South Africa",4860,2797,57.5514403292181
"2149",2003,"South Africa",52451,11009,20.9891136489295
"2150",2004,"South Africa",84085,11186,13.3032050900874
"2151",2005,"South Africa",115224,13772,11.9523710338124
"2152",2006,"South Africa",140095,10751,7.67407830400799
"2153",2007,"South Africa",131107,20674,15.7687995301548
"2154",2008,"South Africa",89033,18353,20.6137050307189
"2155",2009,"South Africa",227125,0,0
"2156",2010,"South Africa",171702,0,0
"2157",2011,"South Africa",170702,0,0
"2158",2012,"South Africa",222645,0,0
"2159",2013,"South Africa",230442,24124,10.4685777766206
"2160",2014,"South Africa",385508,37503,9.72820278697199
"2161",2015,"South Africa",648226,64818,9.99929037095087
"2162",2016,"South Africa",677883,67794,10.0008408530676
"2163",2011,"South Sudan",4,0,0
"2164",2012,"South Sudan",88,0,0
"2165",2013,"South Sudan",35,35,100
"2166",2014,"South Sudan",38,35,92.1052631578947
"2167",2015,"South Sudan",130,130,100
"2168",2016,"South Sudan",835,835,100
"2169",2000,"Spain",0,0,0
"2170",2001,"Spain",0,0,0
"2171",2002,"Spain",0,0,0
"2172",2003,"Spain",0,0,0
"2173",2004,"Spain",0,0,0
"2174",2005,"Spain",0,0,0
"2175",2006,"Spain",0,0,0
"2176",2007,"Spain",0,0,0
"2177",2008,"Spain",0,0,0
"2178",2009,"Spain",1905,0,0
"2179",2010,"Spain",3280,0,0
"2180",2011,"Spain",2701,0,0
"2181",2012,"Spain",2665,0,0
"2182",2013,"Spain",2790,0,0
"2183",2014,"Spain",4341,0,0
"2184",2000,"Sri Lanka",2,0,0
"2185",2001,"Sri Lanka",23,16,69.5652173913043
"2186",2002,"Sri Lanka",30,8,26.6666666666667
"2187",2003,"Sri Lanka",14,14,100
"2188",2004,"Sri Lanka",6,6,100
"2189",2005,"Sri Lanka",60,60,100
"2190",2006,"Sri Lanka",121,121,100
"2191",2007,"Sri Lanka",135,135,100
"2192",2008,"Sri Lanka",198,198,100
"2193",2009,"Sri Lanka",393,0,0
"2194",2010,"Sri Lanka",338,0,0
"2195",2011,"Sri Lanka",138,0,0
"2196",2012,"Sri Lanka",204,0,0
"2197",2013,"Sri Lanka",263,0,0
"2198",2014,"Sri Lanka",1607,96,5.9738643434972
"2199",2015,"Sri Lanka",950,950,100
"2200",2016,"Sri Lanka",597,597,100
"2201",2000,"Sudan",0,0,0
"2202",2001,"Sudan",3200,0,0
"2203",2002,"Sudan",0,0,0
"2204",2003,"Sudan",23442,0,0
"2205",2004,"Sudan",485,0,0
"2206",2005,"Sudan",4271,12,0.280964645282135
"2207",2006,"Sudan",4423,4,0.0904363554148768
"2208",2007,"Sudan",4458,2105,47.2184836249439
"2209",2008,"Sudan",8151,3455,42.3874371242792
"2210",2009,"Sudan",5871,5,0.0851643672287515
"2211",2010,"Sudan",5941,77,1.29607810132974
"2212",2011,"Sudan",5983,112,1.8719705833194
"2213",2012,"Sudan",6912,102,1.47569444444444
"2214",2013,"Sudan",7683,1873,24.3784979825589
"2215",2014,"Sudan",8528,2296,26.9230769230769
"2216",2015,"Sudan",10209,10209,100
"2217",2016,"Sudan",12552,12552,100
"2218",2010,"Suriname",0,0,0
"2219",2011,"Suriname",7,0,0
"2220",2012,"Suriname",3,3,100
"2221",2013,"Suriname",3,0,0
"2222",2014,"Suriname",0,0,0
"2223",2015,"Suriname",3,3,100
"2224",2016,"Suriname",0,0,0
"2225",2001,"Swaziland",348,348,100
"2226",2002,"Swaziland",361,361,100
"2227",2003,"Swaziland",327,323,98.7767584097859
"2228",2004,"Swaziland",327,323,98.7767584097859
"2229",2005,"Swaziland",312,229,73.3974358974359
"2230",2006,"Swaziland",256,190,74.21875
"2231",2007,"Swaziland",252,185,73.4126984126984
"2232",2008,"Swaziland",252,185,73.4126984126984
"2233",2009,"Swaziland",445,313,70.3370786516854
"2234",2012,"Swaziland",332,146,43.9759036144578
"2235",2013,"Swaziland",422,245,58.0568720379147
"2236",2014,"Swaziland",518,339,65.4440154440154
"2237",2015,"Swaziland",273,185,67.7655677655678
"2238",2016,"Swaziland",223,48,21.52466367713
"2239",2000,"Sweden",0,0,0
"2240",2001,"Sweden",10800,0,0
"2241",2002,"Sweden",0,0,0
"2242",2003,"Sweden",32704,0,0
"2243",2004,"Sweden",35276,0,0
"2244",2005,"Sweden",28043,0,0
"2245",2006,"Sweden",9029,0,0
"2246",2007,"Sweden",19976,0,0
"2247",2008,"Sweden",27723,0,0
"2248",2009,"Sweden",23028,0,0
"2249",2010,"Sweden",18951,0,0
"2250",2011,"Sweden",18633,0,0
"2251",2012,"Sweden",18138,0,0
"2252",2013,"Sweden",22840,0,0
"2253",2014,"Sweden",31048,0,0
"2254",2015,"Sweden",56784,0,0
"2255",2000,"Switzerland",45409,0,0
"2256",2001,"Switzerland",27469,0,0
"2257",2002,"Switzerland",25654,0,0
"2258",2003,"Switzerland",27955,0,0
"2259",2004,"Switzerland",24630,0,0
"2260",2005,"Switzerland",19632,0,0
"2261",2006,"Switzerland",14428,0,0
"2262",2007,"Switzerland",5057,0,0
"2263",2008,"Switzerland",12475,0,0
"2264",2009,"Switzerland",17163,0,0
"2265",2010,"Switzerland",15981,0,0
"2266",2011,"Switzerland",12915,0,0
"2267",2012,"Switzerland",17258,0,0
"2268",2013,"Switzerland",21325,0,0
"2269",2014,"Switzerland",22056,0,0
"2270",2015,"Switzerland",6468,0,0
"2271",2016,"Switzerland",8642,0,0
"2272",2000,"Syrian Arab Rep.",5016,0,0
"2273",2001,"Syrian Arab Rep.",1326,1326,100
"2274",2002,"Syrian Arab Rep.",605,605,100
"2275",2003,"Syrian Arab Rep.",337,0,0
"2276",2004,"Syrian Arab Rep.",1589,0,0
"2277",2005,"Syrian Arab Rep.",785,0,0
"2278",2006,"Syrian Arab Rep.",3935,0,0
"2279",2007,"Syrian Arab Rep.",5214,0,0
"2280",2008,"Syrian Arab Rep.",5884,0,0
"2281",2009,"Syrian Arab Rep.",2243,0,0
"2282",2010,"Syrian Arab Rep.",3075,3075,100
"2283",2011,"Syrian Arab Rep.",2446,2446,100
"2284",2012,"Syrian Arab Rep.",1832,1832,100
"2285",2013,"Syrian Arab Rep.",2222,2138,96.2196219621962
"2286",2014,"Syrian Arab Rep.",2495,2381,95.4308617234469
"2287",2015,"Syrian Arab Rep.",2745,2745,100
"2288",2016,"Syrian Arab Rep.",4901,4901,100
"2289",2000,"Tajikistan",2172,30,1.38121546961326
"2290",2001,"Tajikistan",233,40,17.1673819742489
"2291",2002,"Tajikistan",379,43,11.3456464379947
"2292",2003,"Tajikistan",363,48,13.2231404958678
"2293",2004,"Tajikistan",458,0,0
"2294",2005,"Tajikistan",459,200,43.5729847494553
"2295",2006,"Tajikistan",22,0,0
"2296",2007,"Tajikistan",238,200,84.0336134453782
"2297",2008,"Tajikistan",144,102,70.8333333333333
"2298",2009,"Tajikistan",48,48,100
"2299",2010,"Tajikistan",1513,1027,67.8783873099802
"2300",2011,"Tajikistan",1609,1045,64.947172156619
"2301",2012,"Tajikistan",1912,1092,57.1129707112971
"2302",2013,"Tajikistan",2140,1708,79.8130841121495
"2303",2014,"Tajikistan",2271,1764,77.6750330250991
"2304",2015,"Tajikistan",123,123,100
"2305",2016,"Tajikistan",341,115,33.7243401759531
"2306",2000,"Thailand",582,0,0
"2307",2001,"Thailand",361,12,3.32409972299169
"2308",2002,"Thailand",343,0,0
"2309",2003,"Thailand",1050,0,0
"2310",2004,"Thailand",3319,337,10.1536607411871
"2311",2005,"Thailand",1044,0,0
"2312",2006,"Thailand",32163,20666,64.2539564095389
"2313",2007,"Thailand",18424,9711,52.7084237950499
"2314",2008,"Thailand",13483,4794,35.5558851887562
"2315",2009,"Thailand",12585,3812,30.290027810886
"2316",2010,"Thailand",10255,1537,14.9878108239883
"2317",2011,"Thailand",10250,1535,14.9756097560976
"2318",2012,"Thailand",13356,13356,100
"2319",2013,"Thailand",2719,2719,100
"2320",2014,"Thailand",4712,4712,100
"2321",2015,"Thailand",8185,8185,100
"2322",2016,"Thailand",8208,8208,100
"2323",2000,"The former Yugoslav Republic of Macedonia",0,0,0
"2324",2001,"The former Yugoslav Republic of Macedonia",2,2,100
"2325",2002,"The former Yugoslav Republic of Macedonia",54,54,100
"2326",2003,"The former Yugoslav Republic of Macedonia",62,62,100
"2327",2004,"The former Yugoslav Republic of Macedonia",2285,2285,100
"2328",2005,"The former Yugoslav Republic of Macedonia",1232,1232,100
"2329",2006,"The former Yugoslav Republic of Macedonia",723,723,100
"2330",2007,"The former Yugoslav Republic of Macedonia",205,205,100
"2331",2008,"The former Yugoslav Republic of Macedonia",171,153,89.4736842105263
"2332",2009,"The former Yugoslav Republic of Macedonia",100,55,55
"2333",2010,"The former Yugoslav Republic of Macedonia",75,75,100
"2334",2011,"The former Yugoslav Republic of Macedonia",161,161,100
"2335",2012,"The former Yugoslav Republic of Macedonia",389,389,100
"2336",2013,"The former Yugoslav Republic of Macedonia",516,516,100
"2337",2014,"The former Yugoslav Republic of Macedonia",1092,1092,100
"2338",2015,"The former Yugoslav Republic of Macedonia",1551,1551,100
"2339",2016,"The former Yugoslav Republic of Macedonia",5,5,100
"2340",2000,"Timor-Leste",0,0,0
"2341",2001,"Timor-Leste",0,0,0
"2342",2002,"Timor-Leste",1,0,0
"2343",2003,"Timor-Leste",4,0,0
"2344",2004,"Timor-Leste",8,8,100
"2345",2005,"Timor-Leste",10,10,100
"2346",2006,"Timor-Leste",10,9,90
"2347",2007,"Timor-Leste",3,1,33.3333333333333
"2348",2008,"Timor-Leste",4,0,0
"2349",2009,"Timor-Leste",15,0,0
"2350",2010,"Timor-Leste",10,0,0
"2351",2011,"Timor-Leste",4,4,100
"2352",2012,"Timor-Leste",2,2,100
"2353",2013,"Timor-Leste",1,1,100
"2354",2014,"Timor-Leste",2,2,100
"2355",2000,"Togo",280,0,0
"2356",2001,"Togo",77,0,0
"2357",2002,"Togo",78,0,0
"2358",2003,"Togo",134,0,0
"2359",2004,"Togo",333,2,0.600600600600601
"2360",2005,"Togo",390,62,15.8974358974359
"2361",2006,"Togo",420,0,0
"2362",2007,"Togo",442,0,0
"2363",2008,"Togo",345,0,0
"2364",2009,"Togo",452,0,0
"2365",2010,"Togo",150,0,0
"2366",2011,"Togo",150,0,0
"2367",2012,"Togo",378,378,100
"2368",2013,"Togo",405,405,100
"2369",2014,"Togo",429,429,100
"2370",2015,"Togo",714,714,100
"2371",2016,"Togo",740,740,100
"2372",2010,"Tonga",0,0,0
"2373",2011,"Tonga",3,0,0
"2374",2012,"Tonga",1,1,100
"2375",2007,"Trinidad and Tobago",96,96,100
"2376",2008,"Trinidad and Tobago",103,103,100
"2377",2009,"Trinidad and Tobago",99,99,100
"2378",2010,"Trinidad and Tobago",196,133,67.8571428571429
"2379",2011,"Trinidad and Tobago",102,102,100
"2380",2012,"Trinidad and Tobago",19,19,100
"2381",2013,"Trinidad and Tobago",8,7,87.5
"2382",2014,"Trinidad and Tobago",41,8,19.5121951219512
"2383",2015,"Trinidad and Tobago",81,81,100
"2384",2016,"Trinidad and Tobago",62,62,100
"2385",2000,"Tunisia",16,11,68.75
"2386",2001,"Tunisia",12,11,91.6666666666667
"2387",2002,"Tunisia",18,14,77.7777777777778
"2388",2003,"Tunisia",11,9,81.8181818181818
"2389",2004,"Tunisia",7,4,57.1428571428571
"2390",2005,"Tunisia",17,6,35.2941176470588
"2391",2006,"Tunisia",26,10,38.4615384615385
"2392",2007,"Tunisia",69,17,24.6376811594203
"2393",2008,"Tunisia",54,8,14.8148148148148
"2394",2009,"Tunisia",51,1,1.96078431372549
"2395",2010,"Tunisia",36,5,13.8888888888889
"2396",2011,"Tunisia",24,2,8.33333333333333
"2397",2012,"Tunisia",486,126,25.9259259259259
"2398",2013,"Tunisia",310,36,11.6129032258065
"2399",2014,"Tunisia",364,364,100
"2400",2015,"Tunisia",231,231,100
"2401",2016,"Tunisia",70,70,100
"2402",2000,"Turkey",5134,5134,100
"2403",2001,"Turkey",5209,5209,100
"2404",2002,"Turkey",4176,4176,100
"2405",2003,"Turkey",2591,2591,100
"2406",2004,"Turkey",3453,3453,100
"2407",2005,"Turkey",3929,3929,100
"2408",2006,"Turkey",4872,4872,100
"2409",2007,"Turkey",6219,6219,100
"2410",2008,"Turkey",5189,5189,100
"2411",2009,"Turkey",7106,7106,100
"2412",2010,"Turkey",5986,5986,100
"2413",2011,"Turkey",6715,6715,100
"2414",2012,"Turkey",10964,10964,100
"2415",2013,"Turkey",23796,23706,99.6217851739788
"2416",2014,"Turkey",52465,52465,100
"2417",2015,"Turkey",114804,114804,100
"2418",2016,"Turkey",212323,212323,100
"2419",2000,"Turkmenistan",817,817,100
"2420",2001,"Turkmenistan",569,569,100
"2421",2002,"Turkmenistan",491,491,100
"2422",2003,"Turkmenistan",3,3,100
"2423",2004,"Turkmenistan",3,3,100
"2424",2005,"Turkmenistan",3,3,100
"2425",2006,"Turkmenistan",2,2,100
"2426",2007,"Turkmenistan",1,1,100
"2427",2008,"Turkmenistan",16,16,100
"2428",2011,"Turkmenistan",0,0,0
"2429",2011,"Turks and Caicos Islands",0,0,0
"2430",2012,"Turks and Caicos Islands",0,0,0
"2431",2013,"Turks and Caicos Islands",24,1,4.16666666666667
"2432",2014,"Turks and Caicos Islands",6,5,83.3333333333333
"2433",2015,"Turks and Caicos Islands",3,0,0
"2434",2000,"Uganda",184,0,0
"2435",2001,"Uganda",2473,0,0
"2436",2002,"Uganda",627,0,0
"2437",2003,"Uganda",544,0,0
"2438",2004,"Uganda",726,0,0
"2439",2005,"Uganda",1809,0,0
"2440",2006,"Uganda",1918,0,0
"2441",2007,"Uganda",5809,0,0
"2442",2008,"Uganda",5776,0,0
"2443",2009,"Uganda",9243,9243,100
"2444",2010,"Uganda",11552,11551,99.9913434903047
"2445",2011,"Uganda",20804,20804,100
"2446",2012,"Uganda",23453,23453,100
"2447",2013,"Uganda",28072,28072,100
"2448",2014,"Uganda",24221,24221,100
"2449",2015,"Uganda",35475,35475,100
"2450",2016,"Uganda",35758,35758,100
"2451",2000,"Ukraine",303,0,0
"2452",2001,"Ukraine",80,0,0
"2453",2002,"Ukraine",183,0,0
"2454",2003,"Ukraine",402,0,0
"2455",2004,"Ukraine",899,623,69.2992213570634
"2456",2005,"Ukraine",1463,750,51.2645249487355
"2457",2006,"Ukraine",1618,280,17.3053152039555
"2458",2007,"Ukraine",1183,575,48.6052409129332
"2459",2008,"Ukraine",1302,572,43.9324116743472
"2460",2009,"Ukraine",1307,592,45.2945677123183
"2461",2010,"Ukraine",2061,1150,55.7981562348375
"2462",2011,"Ukraine",2825,2825,100
"2463",2012,"Ukraine",3622,3417,94.34014356709
"2464",2013,"Ukraine",5082,3932,77.3711137347501
"2465",2014,"Ukraine",5521,3796,68.7556602064843
"2466",2015,"Ukraine",5908,3537,59.8679756262695
"2467",2016,"Ukraine",6117,3755,61.3863004740886
"2468",2000,"United Arab Emirates",344,0,0
"2469",2001,"United Arab Emirates",335,0,0
"2470",2002,"United Arab Emirates",361,0,0
"2471",2003,"United Arab Emirates",277,0,0
"2472",2004,"United Arab Emirates",63,0,0
"2473",2005,"United Arab Emirates",52,0,0
"2474",2006,"United Arab Emirates",79,0,0
"2475",2007,"United Arab Emirates",32,0,0
"2476",2008,"United Arab Emirates",64,0,0
"2477",2009,"United Arab Emirates",65,0,0
"2478",2010,"United Arab Emirates",76,76,100
"2479",2011,"United Arab Emirates",86,86,100
"2480",2012,"United Arab Emirates",45,45,100
"2481",2013,"United Arab Emirates",91,91,100
"2482",2014,"United Arab Emirates",77,77,100
"2483",2015,"United Arab Emirates",216,216,100
"2484",2016,"United Arab Emirates",417,417,100
"2485",2000,"United Kingdom",119200,0,0
"2486",2001,"United Kingdom",88600,0,0
"2487",2002,"United Kingdom",42200,0,0
"2488",2003,"United Kingdom",41300,0,0
"2489",2004,"United Kingdom",23900,0,0
"2490",2005,"United Kingdom",9700,0,0
"2491",2006,"United Kingdom",12500,0,0
"2492",2007,"United Kingdom",12400,0,0
"2493",2008,"United Kingdom",10800,0,0
"2494",2009,"United Kingdom",13600,0,0
"2495",2010,"United Kingdom",12400,0,0
"2496",2011,"United Kingdom",14881,0,0
"2497",2012,"United Kingdom",16907,0,0
"2498",2013,"United Kingdom",18916,0,0
"2499",2014,"United Kingdom",25115,0,0
"2500",2016,"United Kingdom",33840,0,0
"2501",2000,"United Rep. of Tanzania",12325,12325,100
"2502",2001,"United Rep. of Tanzania",21420,21420,100
"2503",2002,"United Rep. of Tanzania",21331,21331,100
"2504",2003,"United Rep. of Tanzania",163,2,1.22699386503067
"2505",2004,"United Rep. of Tanzania",339,2,0.589970501474926
"2506",2005,"United Rep. of Tanzania",171,171,100
"2507",2006,"United Rep. of Tanzania",307,307,100
"2508",2007,"United Rep. of Tanzania",380,380,100
"2509",2008,"United Rep. of Tanzania",308,308,100
"2510",2009,"United Rep. of Tanzania",254,254,100
"2511",2010,"United Rep. of Tanzania",844,844,100
"2512",2011,"United Rep. of Tanzania",1247,1247,100
"2513",2012,"United Rep. of Tanzania",711,363,51.0548523206751
"2514",2013,"United Rep. of Tanzania",522,357,68.3908045977011
"2515",2014,"United Rep. of Tanzania",407,407,100
"2516",2015,"United Rep. of Tanzania",883,883,100
"2517",2016,"United Rep. of Tanzania",2150,2150,100
"2518",2000,"United States of America",399569,0,0
"2519",2001,"United States of America",384334,0,0
"2520",2002,"United States of America",395864,12,0.00303134409797304
"2521",2003,"United States of America",395183,0,0
"2522",2004,"United States of America",351876,0,0
"2523",2005,"United States of America",262779,0,0
"2524",2006,"United States of America",170778,0,0
"2525",2007,"United States of America",107219,0,0
"2526",2008,"United States of America",82393,0,0
"2527",2009,"United States of America",69782,0,0
"2528",2010,"United States of America",64241,0,0
"2529",2011,"United States of America",6285,0,0
"2530",2012,"United States of America",11857,0,0
"2531",2013,"United States of America",19063,0,0
"2532",2014,"United States of America",147280,0,0
"2533",2000,"Uruguay",2,1,50
"2534",2001,"Uruguay",4,0,0
"2535",2002,"Uruguay",2,1,50
"2536",2003,"Uruguay",0,0,0
"2537",2004,"Uruguay",9,0,0
"2538",2005,"Uruguay",10,7,70
"2539",2006,"Uruguay",9,7,77.7777777777778
"2540",2007,"Uruguay",28,24,85.7142857142857
"2541",2008,"Uruguay",37,13,35.1351351351351
"2542",2009,"Uruguay",38,8,21.0526315789474
"2543",2010,"Uruguay",41,29,70.7317073170732
"2544",2011,"Uruguay",40,21,52.5
"2545",2012,"Uruguay",51,24,47.0588235294118
"2546",2013,"Uruguay",38,34,89.4736842105263
"2547",2014,"Uruguay",42,37,88.0952380952381
"2548",2015,"Uruguay",56,50,89.2857142857143
"2549",2016,"Uruguay",44,22,50
"2550",2000,"Uzbekistan",274,274,100
"2551",2001,"Uzbekistan",1248,1248,100
"2552",2002,"Uzbekistan",1344,1344,100
"2553",2003,"Uzbekistan",1080,1080,100
"2554",2004,"Uzbekistan",969,969,100
"2555",2005,"Uzbekistan",477,477,100
"2556",2006,"Uzbekistan",587,587,100
"2557",2007,"Vanuatu",0,0,0
"2558",2008,"Vanuatu",0,0,0
"2559",2009,"Vanuatu",1,0,0
"2560",2011,"Vanuatu",0,0,0
"2561",2012,"Vanuatu",2,2,100
"2562",2013,"Vanuatu",0,0,0
"2563",2014,"Vanuatu",1,1,100
"2564",2015,"Vanuatu",1,1,100
"2565",2000,"Venezuela (Bolivarian Republic of)",1,1,100
"2566",2001,"Venezuela (Bolivarian Republic of)",101,98,97.029702970297
"2567",2002,"Venezuela (Bolivarian Republic of)",311,46,14.7909967845659
"2568",2003,"Venezuela (Bolivarian Republic of)",1019,867,85.0834151128557
"2569",2004,"Venezuela (Bolivarian Republic of)",2291,0,0
"2570",2005,"Venezuela (Bolivarian Republic of)",4697,4697,100
"2571",2006,"Venezuela (Bolivarian Republic of)",5912,5912,100
"2572",2007,"Venezuela (Bolivarian Republic of)",7754,4977,64.1862264637606
"2573",2008,"Venezuela (Bolivarian Republic of)",9602,5002,52.093313892939
"2574",2009,"Venezuela (Bolivarian Republic of)",11940,7993,66.9430485762144
"2575",2010,"Venezuela (Bolivarian Republic of)",14372,10862,75.5775118285555
"2576",2011,"Venezuela (Bolivarian Republic of)",15858,14162,89.3050826081473
"2577",2012,"Venezuela (Bolivarian Republic of)",17356,17322,99.8041023277253
"2578",2013,"Venezuela (Bolivarian Republic of)",914,886,96.9365426695842
"2579",2014,"Venezuela (Bolivarian Republic of)",1073,1045,97.3904939422181
"2580",2015,"Venezuela (Bolivarian Republic of)",427,387,90.632318501171
"2581",2016,"Venezuela (Bolivarian Republic of)",155,142,91.6129032258064
"2582",2000,"Yemen",242,0,0
"2583",2001,"Yemen",1411,1411,100
"2584",2002,"Yemen",2361,2361,100
"2585",2003,"Yemen",2095,2095,100
"2586",2004,"Yemen",629,629,100
"2587",2005,"Yemen",1270,1270,100
"2588",2006,"Yemen",797,797,100
"2589",2007,"Yemen",859,859,100
"2590",2008,"Yemen",717,717,100
"2591",2009,"Yemen",831,831,100
"2592",2010,"Yemen",1366,1366,100
"2593",2011,"Yemen",2557,2557,100
"2594",2012,"Yemen",5878,5878,100
"2595",2013,"Yemen",6483,6483,100
"2596",2014,"Yemen",8197,8197,100
"2597",2015,"Yemen",8674,8674,100
"2598",2016,"Yemen",9847,9847,100
"2599",2000,"Zambia",177,0,0
"2600",2001,"Zambia",259,0,0
"2601",2002,"Zambia",498,0,0
"2602",2003,"Zambia",945,0,0
"2603",2004,"Zambia",180,0,0
"2604",2005,"Zambia",84,0,0
"2605",2006,"Zambia",146,0,0
"2606",2007,"Zambia",11,0,0
"2607",2008,"Zambia",28,0,0
"2608",2009,"Zambia",57,0,0
"2609",2010,"Zambia",78,78,100
"2610",2011,"Zambia",325,325,100
"2611",2012,"Zambia",1021,1021,100
"2612",2013,"Zambia",1192,1192,100
"2613",2014,"Zambia",2220,2220,100
"2614",2015,"Zambia",2186,2186,100
"2615",2016,"Zambia",2383,2383,100
"2616",2000,"Zimbabwe",56,0,0
"2617",2001,"Zimbabwe",79,0,0
"2618",2002,"Zimbabwe",766,766,100
"2619",2003,"Zimbabwe",540,540,100
"2620",2004,"Zimbabwe",556,556,100
"2621",2005,"Zimbabwe",0,0,0
"2622",2006,"Zimbabwe",118,118,100
"2623",2007,"Zimbabwe",335,319,95.2238805970149
"2624",2008,"Zimbabwe",543,543,100
"2625",2009,"Zimbabwe",527,527,100
"2626",2010,"Zimbabwe",635,635,100
"2627",2011,"Zimbabwe",411,0,0
"2628",2012,"Zimbabwe",436,436,100
"2629",2013,"Zimbabwe",480,480,100
"2630",2014,"Zimbabwe",480,480,100
"2631",2015,"Zimbabwe",637,637,100
"2632",2016,"Zimbabwe",257,257,100
