"","Year","Country","Female.0.17","Female.18","F.Unknown","Male.0.17","Male.18","M.Unknown"
"1",2001,"Afghanistan",59787,119116,412004,62238,127993,435492
"2",2001,"Albania",51,106,0,55,133,0
"3",2001,"Algeria",42291,33815,0,44749,34575,0
"4",2001,"Angola",3819,2568,0,3930,1933,0
"5",2001,"Argentina",109,228,0,95,516,0
"6",2001,"Armenia",13779,129513,0,13739,107306,0
"7",2001,"Azerbaijan",1367,2142,0,1215,2187,0
"8",2001,"Bahrain",0,1,0,0,0,0
"9",2001,"Bangladesh",6566,4785,0,6488,4334,0
"10",2001,"Belarus",168,193,0,153,410,0
"11",2001,"Belize",0,0,396,0,0,478
"12",2001,"Benin",845,1307,0,868,2005,0
"13",2001,"Bolivia (Plurinational State of)",1,3,0,2,2,0
"14",2001,"Botswana",662,668,0,712,1539,0
"15",2001,"Burundi",10947,8957,0,10566,5420,0
"16",2001,"Cambodia",116,146,0,155,684,0
"17",2001,"Cameroon",464,1898,0,468,1517,0
"18",2001,"Central African Rep.",12223,9912,0,14058,13046,0
"19",2001,"Chile",41,74,0,45,90,0
"20",2001,"China",26334,63186,51256,31363,65710,57422
"21",2001,"China, Hong Kong SAR",8,20,0,7,484,0
"22",2001,"Colombia",17,83,0,22,105,0
"23",2001,"Congo",1382,1235,3044,1537,1147,3807
"24",2001,"Côte d'Ivoire",37551,32052,0,31698,27255,0
"25",2001,"Croatia",6,10,0,12,36,0
"26",2001,"Cuba",11,17,0,10,39,0
"27",2001,"Czech Rep.",89,56,0,92,53,0
"28",2001,"Dem. Rep. of the Congo",37842,32759,0,39672,27968,0
"29",2001,"Djibouti",6172,5571,1401,5233,4072,727
"30",2001,"Egypt",1329,1852,5086,1478,2571,10569
"31",2001,"El Salvador",14,16,0,22,22,0
"32",2001,"Eritrea",583,400,0,702,587,0
"33",2001,"Estonia",4,4,0,3,20,0
"34",2001,"Ethiopia",37059,34348,0,41464,32362,0
"35",2001,"Gabon",3528,4834,0,3769,7086,0
"36",2001,"Gambia",296,306,0,350,445,0
"37",2001,"Georgia",34752,109569,0,34897,81672,0
"38",2001,"Ghana",2457,3122,0,2435,3778,0
"39",2001,"Greece",290,480,0,392,1267,0
"40",2001,"Guatemala",83,284,0,68,303,0
"41",2001,"Guinea",27098,28379,0,30914,25311,0
"42",2001,"Guinea-Bissau",1797,2165,0,1920,1821,0
"43",2001,"Honduras",3,3,0,0,18,0
"44",2001,"India",2547,4056,0,2696,3847,0
"45",2001,"Indonesia",126,179,35060,220,790,37982
"46",2001,"Iraq",9901,8146,0,10177,8424,1
"47",2001,"Jordan",1079,1576,0,1163,2546,0
"48",2001,"Kenya",54073,53651,0,65744,65753,0
"49",2001,"Kuwait",214,440,0,195,486,0
"50",2001,"Kyrgyzstan",227,326,0,206,347,0
"51",2001,"Latvia",0,1,0,1,8,0
"52",2001,"Lebanon",363,608,0,410,1434,0
"53",2001,"Liberia",8428,8916,0,8297,8159,0
"54",2001,"Lithuania",47,61,0,82,137,0
"55",2001,"Malawi",1722,1215,0,1896,1367,0
"56",2001,"Malaysia",44,58,0,33,131,0
"57",2001,"Mali",1958,661,0,2162,1334,0
"58",2001,"Mauritania",40,112,0,30,183,0
"59",2001,"Mexico",3815,3349,0,3780,4147,0
"60",2001,"Morocco",9,129,0,16,337,0
"61",2001,"Mozambique",618,548,0,666,1293,0
"62",2001,"Namibia",5944,4323,0,6453,5708,0
"63",2001,"Nepal",21472,27863,0,22070,29413,0
"64",2001,"Nicaragua",0,151,0,0,195,0
"65",2001,"Niger",63,88,9,56,295,15
"66",2001,"Nigeria",447,1749,0,485,1651,0
"67",2001,"Oman",1,1,0,1,20,0
"68",2001,"Pakistan",447494,351956,0,445028,265486,0
"69",2001,"Panama",207,171,0,213,234,0
"70",2001,"Papua New Guinea",63,76,194,63,111,238
"71",2001,"Paraguay",8,7,0,1,17,0
"72",2001,"Peru",47,353,0,47,236,0
"73",2001,"Philippines",0,0,0,0,6,0
"74",2001,"Qatar",10,8,0,10,51,0
"75",2001,"Rep. of Moldova",48,60,0,42,122,0
"76",2001,"Romania",82,181,0,165,1935,0
"77",2001,"Rwanda",11199,7439,0,10104,6044,0
"78",2001,"Saudi Arabia",1125,719,0,1133,2525,0
"79",2001,"Senegal",8214,4838,0,5650,4645,0
"80",2001,"Serbia and Kosovo (S/RES/1244 (1999))",75738,252043,0,79990,223696,0
"81",2001,"Singapore",0,1,0,0,3,0
"82",2001,"Slovenia",220,797,0,195,455,0
"83",2001,"Somalia",114,181,0,116,238,0
"84",2001,"Sri Lanka",13,5,0,10,19,0
"85",2001,"Sudan",39045,27815,0,39661,24006,0
"86",2001,"Swaziland",38,42,0,41,32,0
"87",2001,"Syrian Arab Rep.",717,817,0,789,948,0
"88",2001,"Tajikistan",903,699,4658,1465,1343,6064
"89",2001,"Thailand",26346,27167,0,27818,29380,0
"90",2001,"The former Yugoslav Republic of Macedonia",3072,6008,0,3358,5759,0
"91",2001,"Togo",4308,2897,0,3333,1797,0
"92",2001,"Tunisia",5,38,0,8,46,0
"93",2001,"Turkey",798,1439,0,1028,2262,0
"94",2001,"Turkmenistan",0,0,5480,0,0,8061
"95",2001,"Uganda",47914,39060,0,54819,38570,0
"96",2001,"Ukraine",278,268,0,275,970,0
"97",2001,"United Rep. of Tanzania",138444,109085,94944,141624,108929,77056
"98",2001,"Uruguay",2,23,0,7,58,0
"99",2001,"Uzbekistan",881,849,0,959,1145,0
"100",2001,"Venezuela (Bolivarian Republic of)",6,17,0,7,29,0
"101",2001,"Viet Nam",0,0,1118,0,0,963
"102",2001,"Yemen",13134,16862,0,12320,15326,0
"103",2001,"Zambia",0,0,64921,0,0,79271
"104",2001,"Zimbabwe",207,188,0,365,631,0
"105",2002,"Afghanistan",114350,278323,1563574,119531,303397,1891309
"106",2002,"Albania",26,33,0,24,48,0
"107",2002,"Algeria",32796,45387,0,33418,43832,5
"108",2002,"Angola",3933,2899,0,4044,2301,1
"109",2002,"Armenia",0,2,103697,0,13,88336
"110",2002,"Azerbaijan",1780,2457,267504,1681,2656,236522
"111",2002,"Bahrain",0,0,0,0,1,0
"112",2002,"Bangladesh",6520,4734,0,6407,4364,0
"113",2002,"Belarus",150,201,0,153,403,0
"114",2002,"Belize",85,124,0,76,122,0
"115",2002,"Benin",248,315,0,309,601,0
"116",2002,"Bolivia (Plurinational State of)",33,72,0,38,101,0
"117",2002,"Bosnia and Herzegovina",1709,8453,0,1896,7847,0
"118",2002,"Botswana",603,492,0,633,1077,0
"119",2002,"Burundi",12858,9486,4808,10696,7529,3933
"120",2002,"Cambodia",38,65,0,40,138,0
"121",2002,"Cameroon",280,582,0,354,1681,0
"122",2002,"Central African Rep.",12763,10050,0,14721,13191,0
"123",2002,"Chad",372,256,0,418,409,0
"124",2002,"Chile",6,15,0,9,32,0
"125",2002,"China",38542,102252,0,46407,110015,0
"126",2002,"China, Hong Kong SAR",15,45,0,24,220,0
"127",2002,"Colombia",17,77,0,21,102,0
"128",2002,"Congo",31651,25136,0,31187,23988,0
"129",2002,"Costa Rica",514,1797,0,544,2169,0
"130",2002,"Côte d'Ivoire",8943,10868,0,8563,9344,0
"131",2002,"Croatia",3,2,0,6,41,0
"132",2002,"Cuba",9,18,0,11,25,0
"133",2002,"Czech Rep.",143,79,0,116,67,0
"134",2002,"Dem. Rep. of the Congo",40590,30314,0,43275,29500,0
"135",2002,"Egypt",1766,2608,0,2008,4112,0
"136",2002,"El Salvador",14,20,0,22,26,0
"137",2002,"Eritrea",749,757,0,858,1255,0
"138",2002,"Estonia",2,2,0,3,9,0
"139",2002,"Ethiopia",32394,26471,0,37781,27870,0
"140",2002,"Gabon",4113,4453,0,3890,6680,0
"141",2002,"Gambia",296,306,0,350,445,0
"142",2002,"Georgia",36399,104529,289,36820,77001,274
"143",2002,"Ghana",6503,7799,0,6468,9385,0
"144",2002,"Greece",154,471,0,444,3239,0
"145",2002,"Guatemala",2,374,0,7,360,0
"146",2002,"Guinea",37816,36331,0,43835,29265,0
"147",2002,"Guinea-Bissau",1798,2159,0,1922,1800,0
"148",2002,"Honduras",1,7,0,0,26,0
"149",2002,"India",2379,4057,31884,2498,3812,31884
"150",2002,"Indonesia",106,130,0,146,354,0
"151",2002,"Iran (Islamic Rep. of)",1,1,0,1,1,0
"152",2002,"Iraq",9221,7661,0,9576,7712,0
"153",2002,"Jordan",861,1234,0,944,1948,0
"154",2002,"Kenya",54079,52381,0,64660,62551,0
"155",2002,"Kyrgyzstan",1452,2271,0,1551,2434,0
"156",2002,"Latvia",3,2,0,1,12,0
"157",2002,"Lebanon",372,633,0,416,1400,0
"158",2002,"Liberia",13939,10080,0,13446,8238,0
"159",2002,"Libya",350,566,0,311,482,0
"160",2002,"Lithuania",106,118,0,133,212,0
"161",2002,"Malawi",4231,2366,0,4199,2438,0
"162",2002,"Malaysia",53,80,0,64,215,0
"163",2002,"Mali",2609,1548,0,2797,2662,0
"164",2002,"Mauritania",43,124,0,33,205,0
"165",2002,"Mexico",2446,3596,0,2461,4165,0
"166",2002,"Morocco",27,894,0,54,1270,0
"167",2002,"Mozambique",173,137,857,200,534,1169
"168",2002,"Namibia",4969,3336,0,5346,3359,0
"169",2002,"Nepal",21172,28927,0,21860,30339,0
"170",2002,"Nicaragua",0,150,0,0,191,0
"171",2002,"Niger",73,73,0,76,118,0
"172",2002,"Nigeria",419,1790,0,456,1720,0
"173",2002,"Oman",1,1,0,1,22,0
"174",2002,"Pakistan",148,171,0,216,297,0
"175",2002,"Panama",291,438,0,321,523,0
"176",2002,"Papua New Guinea",63,76,206,63,98,238
"177",2002,"Paraguay",5,7,0,1,12,0
"178",2002,"Qatar",4,8,0,7,50,0
"179",2002,"Rwanda",10663,7625,0,9074,5077,0
"180",2002,"Saudi Arabia",1111,674,0,1119,2308,0
"181",2002,"Senegal",8044,4317,0,5408,3488,0
"182",2002,"Serbia and Kosovo (S/RES/1244 (1999))",65496,240253,0,69089,214425,0
"183",2002,"Sierra Leone",11808,14328,0,11082,14210,0
"184",2002,"Singapore",0,1,0,0,3,0
"185",2002,"Slovenia",0,0,139,0,0,122
"186",2002,"Somalia",39,55,0,45,60,0
"187",2002,"South Africa",1296,1877,0,1466,2998,0
"188",2002,"Sri Lanka",11,4,0,7,19,0
"189",2002,"Sudan",29375,24410,0,30231,27332,0
"190",2002,"Swaziland",18,31,0,27,38,0
"191",2002,"Syrian Arab Rep.",602,755,584,700,861,804
"192",2002,"Tajikistan",78,75,1709,65,87,1519
"193",2002,"Thailand",26314,28172,0,27884,30244,0
"194",2002,"The former Yugoslav Republic of Macedonia",1951,3910,0,2136,3857,0
"195",2002,"Timor-Leste",0,0,0,0,5,0
"196",2002,"Togo",4321,2918,0,3344,1835,0
"197",2002,"Tunisia",4,39,0,11,48,0
"198",2002,"Turkey",356,718,0,434,920,0
"199",2002,"Turkmenistan",2762,3661,0,3001,4269,3
"200",2002,"Uganda",55196,41674,0,59985,40679,0
"201",2002,"Ukraine",266,261,0,256,908,0
"202",2002,"United Rep. of Tanzania",144790,113904,94975,147253,113427,77189
"203",2002,"Uruguay",7,32,0,9,52,0
"204",2002,"Uzbekistan",12440,9628,0,10750,8567,0
"205",2002,"Venezuela (Bolivarian Republic of)",199,252,0,241,327,0
"206",2002,"Viet Nam",0,0,1118,0,0,963
"207",2002,"Yemen",13529,22420,0,14213,21388,0
"208",2002,"Zambia",38375,31771,0,37221,31091,0
"209",2002,"Zimbabwe",225,223,0,405,705,0
"210",2003,"Afghanistan",363903,449921,165788,400087,680727,209839
"211",2003,"Albania",27,29,0,25,38,0
"212",2003,"Algeria",0,7,0,1,20,0
"213",2003,"Angola",4403,3375,0,4215,2395,0
"214",2003,"Armenia",1,14,100601,3,32,85695
"215",2003,"Azerbaijan",1461,2386,264983,2016,3268,234373
"216",2003,"Bahrain",0,0,0,0,1,0
"217",2003,"Bangladesh",5854,4167,0,5757,4022,0
"218",2003,"Belarus",148,217,0,146,417,0
"219",2003,"Belize",287,134,0,295,153,0
"220",2003,"Benin",252,357,0,331,831,0
"221",2003,"Bolivia (Plurinational State of)",39,113,0,47,155,0
"222",2003,"Botswana",844,658,0,887,1528,0
"223",2003,"Burundi",16826,12499,0,13131,9043,4
"224",2003,"Cambodia",11,25,0,17,69,0
"225",2003,"Cameroon",4995,3894,0,4874,3220,0
"226",2003,"Central African Rep.",10927,8867,0,13207,11752,0
"227",2003,"Chad",0,0,82336,0,0,65029
"228",2003,"Chile",31,121,0,68,295,0
"229",2003,"China",39686,102805,0,47284,109622,0
"230",2003,"China, Hong Kong SAR",13,45,0,16,214,0
"231",2003,"Colombia",15,65,0,21,98,0
"232",2003,"Congo",26648,18868,0,26941,18653,252
"233",2003,"Costa Rica",1263,4856,0,1303,6086,0
"234",2003,"Côte d'Ivoire",19774,20736,0,19785,15676,0
"235",2003,"Croatia",2,8,0,2,42,0
"236",2003,"Cuba",7,16,0,12,25,0
"237",2003,"Czech Rep.",137,85,0,122,70,0
"238",2003,"Dem. Rep. of the Congo",17194,14705,0,17382,13213,0
"239",2003,"Egypt",2849,4428,0,3250,8222,0
"240",2003,"El Salvador",2,7,107,8,5,123
"241",2003,"Eritrea",921,799,0,1030,1340,0
"242",2003,"Estonia",0,1,0,0,14,0
"243",2003,"Ethiopia",33275,26073,0,38727,28979,0
"244",2003,"Gabon",3960,4582,0,3715,6866,0
"245",2003,"Gambia",714,1714,0,4097,941,0
"246",2003,"Georgia",34947,105051,252,35578,77566,242
"247",2003,"Ghana",10620,13324,0,9758,14332,0
"248",2003,"Guatemala",1,361,0,5,350,0
"249",2003,"Guinea",44006,37760,2731,49605,29009,2623
"250",2003,"Guinea-Bissau",1803,2160,0,1922,1745,0
"251",2003,"Honduras",1,3,0,0,19,0
"252",2003,"India",2032,3927,0,2155,3379,0
"253",2003,"Indonesia",45,66,0,64,126,0
"254",2003,"Iran (Islamic Rep. of)",6972,6599,0,7850,13049,0
"255",2003,"Iraq",9881,13206,0,10441,13193,0
"256",2003,"Jordan",1100,1831,0,1219,3786,0
"257",2003,"Kazakhstan",2,6,0,9,22,0
"258",2003,"Kenya",53888,55288,0,64157,67206,0
"259",2003,"Kuwait",22148,28674,0,23236,28650,0
"260",2003,"Kyrgyzstan",0,0,2811,0,0,3415
"261",2003,"Latvia",2,2,0,2,7,0
"262",2003,"Liberia",3775,3617,0,3878,2727,0
"263",2003,"Libya",2044,2754,0,2749,4408,0
"264",2003,"Malawi",3535,2434,0,3525,2558,0
"265",2003,"Malaysia",589,1050,0,717,5068,0
"266",2003,"Mali",2713,1695,0,2936,3377,0
"267",2003,"Mauritania",53,149,0,45,228,0
"268",2003,"Mexico",241,2271,0,252,3076,0
"269",2003,"Morocco",30,898,0,56,1314,0
"270",2003,"Namibia",3859,2410,0,4225,2892,0
"271",2003,"Nepal",21832,28972,0,22561,30335,0
"272",2003,"Nicaragua",0,143,0,0,167,0
"273",2003,"Niger",77,72,0,75,117,0
"274",2003,"Nigeria",799,2697,0,717,3079,0
"275",2003,"Oman",1,1,0,1,21,0
"276",2003,"Pakistan",3756,3209,0,3815,2503,2
"277",2003,"Panama",158,171,0,229,238,0
"278",2003,"Papua New Guinea",637,701,2406,716,737,2600
"279",2003,"Paraguay",5,9,0,1,17,0
"280",2003,"Qatar",12,14,0,13,57,0
"281",2003,"Rep. of Korea",7,27,0,3,127,0
"282",2003,"Rep. of Moldova",26,37,0,33,146,0
"283",2003,"Rwanda",12763,8503,0,12256,6101,0
"284",2003,"Saudi Arabia",172,149,0,183,424,0
"285",2003,"Senegal",8259,4758,0,5674,4300,0
"286",2003,"Serbia and Kosovo (S/RES/1244 (1999))",56922,211688,0,60311,187359,0
"287",2003,"Sierra Leone",12651,15728,0,11682,12129,3452
"288",2003,"Singapore",0,3,0,0,0,0
"289",2003,"Slovenia",123,458,35,148,461,43
"290",2003,"Somalia",74,105,0,77,112,0
"291",2003,"South Africa",10768,12839,0,38928,48108,0
"292",2003,"Sri Lanka",65439,129716,0,68123,122862,0
"293",2003,"Sudan",26586,21746,0,27534,24930,0
"294",2003,"Swaziland",12,22,0,17,35,0
"295",2003,"Syrian Arab Rep.",759,982,0,861,1079,0
"296",2003,"Tajikistan",0,0,1817,0,17,1487
"297",2003,"Thailand",27060,30554,0,28569,32870,0
"298",2003,"The former Yugoslav Republic of Macedonia",2,2,0,2,3,0
"299",2003,"Timor-Leste",0,1,0,0,14,0
"300",2003,"Togo",4362,2986,0,3404,1985,0
"301",2003,"Tunisia",4,38,0,9,48,0
"302",2003,"Turkey",687,1609,0,932,2141,0
"303",2003,"Turkmenistan",2730,3623,0,2952,4214,0
"304",2003,"Uganda",58428,43215,0,66235,42779,0
"305",2003,"Ukraine",52,131,0,77,704,0
"306",2003,"United Rep. of Tanzania",139452,100612,0,141010,98696,0
"307",2003,"Uruguay",5,27,0,9,59,0
"308",2003,"Uzbekistan",12381,9577,0,10701,8514,0
"309",2003,"Venezuela (Bolivarian Republic of)",497,587,0,542,665,0
"310",2003,"Viet Nam",0,0,1228,0,0,1132
"311",2003,"Yemen",11399,14091,11,11954,13189,0
"312",2003,"Zambia",38572,27155,0,36253,27532,0
"313",2003,"Zimbabwe",368,413,0,551,1069,0
"314",2004,"Afghanistan",529670,649131,1679202,569399,745509,1871629
"315",2004,"Albania",17,16,0,18,36,0
"316",2004,"Algeria",1,10,0,6,26,0
"317",2004,"Angola",4423,3535,46921,4255,2686,43312
"318",2004,"Armenia",21,76,99213,24,80,84512
"319",2004,"Azerbaijan",1808,2998,266753,1877,2887,238637
"320",2004,"Bahrain",0,2,0,1,3,0
"321",2004,"Bangladesh",5977,4359,0,5927,4213,0
"322",2004,"Belarus",145,254,0,146,452,0
"323",2004,"Belize",243,104,0,270,145,0
"324",2004,"Benin",312,441,0,360,935,0
"325",2004,"Bolivia (Plurinational State of)",57,177,0,86,226,0
"326",2004,"Botswana",853,651,0,901,1468,0
"327",2004,"Burundi",2803,1996,27990,2269,1761,23842
"328",2004,"Cambodia",7,17,0,14,52,0
"329",2004,"Cameroon",4951,3895,0,4789,3051,0
"330",2004,"Central African Rep.",6438,6880,0,6784,7666,0
"331",2004,"Chad",74551,56156,0,67815,31130,0
"332",2004,"Chile",44,154,0,74,382,0
"333",2004,"China",15,15,0,17,88,0
"334",2004,"China, Hong Kong SAR",2,16,0,2,34,0
"335",2004,"Colombia",14,48,0,12,98,0
"336",2004,"Congo",18977,15239,0,20069,14247,0
"337",2004,"Costa Rica",1425,3249,0,1124,4615,0
"338",2004,"Côte d'Ivoire",19278,18544,967,18851,15416,858
"339",2004,"Croatia",3,4,0,2,20,0
"340",2004,"Cuba",2,13,0,7,23,0
"341",2004,"Czech Rep.",103,54,304,75,44,494
"342",2004,"Dem. Rep. of the Congo",10674,9445,0,10991,8108,0
"343",2004,"Egypt",4138,6348,0,4728,13881,0
"344",2004,"El Salvador",1,109,0,2,124,0
"345",2004,"Eritrea",1072,927,0,1230,1489,0
"346",2004,"Estonia",0,2,0,1,14,0
"347",2004,"Ethiopia",30062,23251,590,35014,25999,1071
"348",2004,"Gabon",3635,4474,0,3566,6951,0
"349",2004,"Gambia",0,0,3826,0,0,4119
"350",2004,"Georgia",663,633,0,731,516,0
"351",2004,"Ghana",10452,13192,0,9744,14675,0
"352",2004,"Guatemala",1,338,0,4,317,0
"353",2004,"Guinea",40472,30979,0,46224,27894,0
"354",2004,"Guinea-Bissau",2270,1686,2400,2257,1464,2600
"355",2004,"Honduras",1,2,0,0,40,0
"356",2004,"India",1825,3982,0,2017,3247,0
"357",2004,"Indonesia",28,44,0,34,121,0
"358",2004,"Iran (Islamic Rep. of)",7793,7016,0,8959,15220,0
"359",2004,"Iraq",8306,11617,0,8742,11529,0
"360",2004,"Jordan",1750,2932,0,1943,6928,0
"361",2004,"Kazakhstan",123,177,0,150,273,0
"362",2004,"Kenya",56915,56097,0,70010,65984,0
"363",2004,"Kuwait",22157,28638,0,23235,28646,0
"364",2004,"Kyrgyzstan",590,1352,0,683,1584,0
"365",2004,"Latvia",1,1,0,0,5,0
"366",2004,"Liberia",815,771,0,843,958,0
"367",2004,"Libya",2091,2902,0,2782,4591,0
"368",2004,"Malawi",1348,1821,0,1787,2059,0
"369",2004,"Malaysia",2257,5543,0,2573,24760,0
"370",2004,"Mali",2972,1980,0,3207,4182,0
"371",2004,"Mauritania",43,150,0,48,232,0
"372",2004,"Mexico",147,982,0,197,1684,0
"373",2004,"Morocco",30,898,0,56,1314,0
"374",2004,"Mozambique",1214,792,0,1303,1196,0
"375",2004,"Namibia",2201,1551,0,2389,2356,0
"376",2004,"Nepal",20004,31412,20,20674,33026,0
"377",2004,"Nicaragua",1,173,0,1,118,0
"378",2004,"Niger",89,80,0,78,138,0
"379",2004,"Nigeria",700,2296,0,550,2887,0
"380",2004,"Oman",3,3,0,2,23,0
"381",2004,"Pakistan",285998,222870,0,279922,172819,0
"382",2004,"Panama",3,29,0,9,16,0
"383",2004,"Papua New Guinea",632,660,0,714,679,0
"384",2004,"Paraguay",6,12,0,3,26,0
"385",2004,"Qatar",3,6,0,9,52,0
"386",2004,"Rep. of Korea",0,93,0,2,196,0
"387",2004,"Rep. of Moldova",22,28,0,28,163,0
"388",2004,"Russian Federation",308,450,0,304,918,0
"389",2004,"Rwanda",17205,11456,0,16736,8072,0
"390",2004,"Saudi Arabia",125,92,0,130,368,0
"391",2004,"Senegal",8049,4838,0,5526,4803,0
"392",2004,"Serbia and Kosovo (S/RES/1244 (1999))",51537,210170,50500,54663,186481,54504
"393",2004,"Sierra Leone",16287,15320,31737,16573,13761,26281
"394",2004,"Singapore",0,1,0,0,3,0
"395",2004,"Slovenia",0,0,265,0,0,362
"396",2004,"Somalia",72,101,0,79,105,0
"397",2004,"Sri Lanka",59370,118790,0,61856,112469,0
"398",2004,"Sudan",20731,20567,7610,22112,25079,8863
"399",2004,"Swaziland",12,22,0,17,35,0
"400",2004,"Syrian Arab Rep.",2813,4656,0,3107,6663,0
"401",2004,"Thailand",27919,31273,0,29306,33690,0
"402",2004,"The former Yugoslav Republic of Macedonia",583,559,0,577,523,0
"403",2004,"Togo",313,468,0,336,687,0
"404",2004,"Tunisia",5,33,0,9,63,0
"405",2004,"Turkey",872,1694,0,1050,2437,0
"406",2004,"Turkmenistan",2691,3558,0,2889,4122,0
"407",2004,"Uganda",65800,46697,0,74270,45304,0
"408",2004,"United Rep. of Tanzania",111696,91518,0,113059,87581,0
"409",2004,"Uruguay",5,27,0,10,65,0
"410",2004,"Uzbekistan",12180,9488,0,10499,8319,0
"411",2004,"Venezuela (Bolivarian Republic of)",1053,1091,0,1121,1348,0
"412",2004,"Viet Nam",0,0,1228,0,0,1132
"413",2004,"Yemen",11370,13987,0,12095,12841,0
"414",2004,"Zambia",27727,19570,0,26405,20274,0
"415",2004,"Zimbabwe",225,253,0,414,676,0
"416",2005,"Afghanistan",427761,528243,2155724,457430,620861,2237077
"417",2005,"Albania",14,17,0,21,39,0
"418",2005,"Algeria",15,66,0,40,281,0
"419",2005,"Angola",4375,3551,0,4224,2719,0
"420",2005,"Argentina",213,1158,0,260,2268,0
"421",2005,"Armenia",40,218,124866,40,261,94195
"422",2005,"Azerbaijan",698,990,266753,756,1054,238637
"423",2005,"Bahrain",1,4,0,4,6,0
"424",2005,"Bangladesh",6125,4574,0,6078,4379,0
"425",2005,"Belarus",143,244,0,142,452,0
"426",2005,"Belize",163,113,0,186,176,0
"427",2005,"Benin",3658,5371,0,3713,8476,0
"428",2005,"Bolivia (Plurinational State of)",39,116,0,48,162,0
"429",2005,"Bosnia and Herzegovina",148,675,0,152,655,0
"430",2005,"Botswana",540,528,0,538,1502,0
"431",2005,"Brazil",140,728,4,160,2425,1
"432",2005,"Bulgaria",11,52,0,191,568,0
"433",2005,"Burkina Faso",252,244,0,150,515,0
"434",2005,"Burundi",3221,1613,0,2967,1412,0
"435",2005,"Cambodia",4,12,0,5,34,0
"436",2005,"Cameroon",2859,2249,0,2809,1789,0
"437",2005,"Central African Rep.",6147,6879,0,6385,7118,0
"438",2005,"Chad",78324,59858,0,71848,33483,0
"439",2005,"Chile",100,244,0,120,449,0
"440",2005,"China",38718,105245,0,45867,111295,0
"441",2005,"China, Hong Kong SAR",29,239,699,49,895,1120
"442",2005,"Colombia",16,51,0,23,107,0
"443",2005,"Congo",18019,14911,0,18728,14417,0
"444",2005,"Côte d'Ivoire",10611,12738,19697,10100,10621,18342
"445",2005,"Croatia",2,2,0,2,8,0
"446",2005,"Cuba",2,15,0,4,28,0
"447",2005,"Czech Rep.",0,0,388,0,0,618
"448",2005,"Dem. Rep. of the Congo",19198,21601,30,19856,18326,108
"449",2005,"Djibouti",0,4,0,0,15,0
"450",2005,"Ecuador",32,112,0,34,127,0
"451",2005,"Egypt",4385,6651,77,4942,13973,19
"452",2005,"El Salvador",0,16,0,1,33,0
"453",2005,"Eritrea",1377,1258,0,1531,1874,0
"454",2005,"Estonia",0,0,0,0,15,0
"455",2005,"Ethiopia",26585,21810,0,29611,22314,706
"456",2005,"Gabon",2565,3080,0,2545,4584,0
"457",2005,"Gambia",0,0,4297,0,0,3635
"458",2005,"Georgia",598,656,1,706,537,7
"459",2005,"Ghana",12963,16336,0,12369,17365,0
"460",2005,"Guatemala",1,222,0,4,167,0
"461",2005,"Guinea",18619,16839,0,18919,12956,0
"462",2005,"Guinea-Bissau",2267,1708,0,2262,1545,0
"463",2005,"Honduras",1,2,0,2,67,0
"464",2005,"Hungary",46,75,10,30,249,106
"465",2005,"India",1774,4279,0,2041,3565,0
"466",2005,"Indonesia",42,58,0,58,235,0
"467",2005,"Iran (Islamic Rep. of)",6327,5692,0,7252,12316,0
"468",2005,"Iraq",7958,12217,0,8403,12338,0
"469",2005,"Jordan",2270,4189,1,2541,8535,8
"470",2005,"Kazakhstan",181,195,0,209,299,0
"471",2005,"Kenya",55998,64081,0,66997,80655,0
"472",2005,"Kuwait",22120,28659,0,23264,28680,0
"473",2005,"Kyrgyzstan",451,964,0,494,1187,0
"474",2005,"Latvia",2,1,0,2,11,0
"475",2005,"Liberia",2310,2448,0,2668,2806,0
"476",2005,"Malawi",2259,2104,0,2438,2770,0
"477",2005,"Malaysia",3273,7478,0,3873,30142,0
"478",2005,"Mali",2973,2215,0,3238,4607,0
"479",2005,"Mauritania",67,191,0,80,386,0
"480",2005,"Mexico",140,1199,0,150,1901,0
"481",2005,"Mongolia",0,0,0,0,2,0
"482",2005,"Morocco",0,0,3,0,0,1
"483",2005,"Mozambique",0,0,2619,0,0,3330
"484",2005,"Namibia",1827,1110,0,1912,1357,0
"485",2005,"Nepal",20881,31478,0,21671,33419,0
"486",2005,"Nicaragua",1,135,0,1,91,0
"487",2005,"Niger",79,74,0,67,129,0
"488",2005,"Nigeria",1263,3034,0,1585,3557,0
"489",2005,"Oman",2,2,0,1,6,0
"490",2005,"Pakistan",147,216,0,168,588,0
"491",2005,"Panama",250,201,0,221,229,0
"492",2005,"Papua New Guinea",583,622,0,647,647,0
"493",2005,"Paraguay",6,17,0,3,32,0
"494",2005,"Peru",83,352,0,117,632,0
"495",2005,"Qatar",5,8,0,8,53,0
"496",2005,"Rep. of Korea",8,132,0,8,440,0
"497",2005,"Rep. of Moldova",20,25,0,18,169,0
"498",2005,"Romania",13,46,0,8,298,0
"499",2005,"Russian Federation",113,184,71,113,342,54
"500",2005,"Rwanda",15193,11698,0,14533,8083,0
"501",2005,"Saudi Arabia",146,107,0,137,508,0
"502",2005,"Senegal",8049,4842,0,5526,4924,0
"503",2005,"Serbia and Kosovo (S/RES/1244 (1999))",38191,152778,52511,41033,141605,55971
"504",2005,"Sierra Leone",15255,15291,0,15457,14131,0
"505",2005,"Singapore",0,2,0,0,2,0
"506",2005,"Slovenia",0,0,186,0,0,250
"507",2005,"Somalia",101,130,0,107,155,0
"508",2005,"Sri Lanka",54746,109453,0,57048,103679,0
"509",2005,"Sudan",23930,22696,0,25015,23732,0
"510",2005,"Swaziland",19,20,0,34,18,0
"511",2005,"Syrian Arab Rep.",5218,8456,0,5627,10723,0
"512",2005,"Tajikistan",0,0,630,0,0,428
"513",2005,"Thailand",30387,34156,0,31832,32310,0
"514",2005,"The former Yugoslav Republic of Macedonia",206,246,0,225,226,0
"515",2005,"Timor-Leste",0,1,0,0,12,0
"516",2005,"Togo",292,430,0,307,680,0
"517",2005,"Tunisia",3,31,0,7,72,0
"518",2005,"Turkey",977,2076,0,1129,2855,0
"519",2005,"Turkmenistan",2629,3400,0,2637,3299,0
"520",2005,"Uganda",58153,46025,0,62432,41870,0
"521",2005,"United Rep. of Tanzania",98140,76489,0,102172,73789,0
"522",2005,"Uruguay",8,32,0,11,79,0
"523",2005,"Uzbekistan",12095,9423,0,10397,8251,0
"524",2005,"Venezuela (Bolivarian Republic of)",1426,1518,0,1519,1882,0
"525",2005,"Viet Nam",0,0,1228,0,0,1129
"526",2005,"Yemen",10521,13465,0,11064,13312,0
"527",2005,"Zambia",21291,15668,0,21564,16940,0
"528",2006,"Afghanistan",522617,672206,1094205,650150,753916,1264044
"529",2006,"Albania",11,19,0,17,45,0
"530",2006,"Algeria",7,21,0,16,131,0
"531",2006,"Angola",17619,15223,0,15441,11633,0
"532",2006,"Argentina",201,1214,0,254,2356,0
"533",2006,"Armenia",78,999,56965,96,919,54735
"534",2006,"Azerbaijan",628,848,361160,693,924,320274
"535",2006,"Bahrain",3,4,0,4,7,0
"536",2006,"Bangladesh",7449,6230,0,7386,5325,0
"537",2006,"Belarus",138,235,0,116,404,0
"538",2006,"Belize",29,47,0,30,67,0
"539",2006,"Benin",1959,2976,0,2075,5136,0
"540",2006,"Bolivia (Plurinational State of)",40,124,0,53,198,0
"541",2006,"Bosnia and Herzegovina",13820,61373,2899,14081,56635,2704
"542",2006,"Botswana",527,562,0,561,1595,0
"543",2006,"Bulgaria",0,0,60,0,0,579
"544",2006,"Burkina Faso",164,315,0,122,666,0
"545",2006,"Burundi",6090,4142,0,5990,3785,0
"546",2006,"Cambodia",31,69,0,48,147,0
"547",2006,"Cameroon",9229,9128,0,9370,11517,0
"548",2006,"Central African Rep.",35562,44632,0,36489,44601,0
"549",2006,"Chad",59083,46812,0,55831,24034,0
"550",2006,"Chile",190,409,0,200,673,0
"551",2006,"China",22,42,17,35,116,2
"552",2006,"China, Hong Kong SAR",21,333,699,32,2142,1120
"553",2006,"Colombia",15,57,0,17,131,0
"554",2006,"Congo",15074,12720,0,15535,12401,0
"555",2006,"Costa Rica",29,228,0,31,487,0
"556",2006,"Côte d'Ivoire",7340,8575,367319,6201,7485,342058
"557",2006,"Croatia",1,3,0,4,2,0
"558",2006,"Cuba",3,25,0,99,567,0
"559",2006,"Czech Rep.",0,0,76,0,0,101
"560",2006,"Dem. Rep. of the Congo",45445,51766,0,45933,43322,0
"561",2006,"Djibouti",0,5,0,0,11,0
"562",2006,"Egypt",24384,22226,0,27599,30258,0
"563",2006,"El Salvador",0,11,0,1,27,0
"564",2006,"Eritrea",1483,1459,0,1673,2042,0
"565",2006,"Estonia",0,2,0,0,5,0
"566",2006,"Ethiopia",24665,21047,0,26999,24592,0
"567",2006,"Fiji",0,0,0,0,2,0
"568",2006,"Gabon",2498,3090,0,2413,4555,0
"569",2006,"Georgia",1,7,0,5,6,0
"570",2006,"Ghana",10201,14988,0,8789,16557,0
"571",2006,"Greece",10,219,0,272,2455,0
"572",2006,"Guatemala",0,213,0,4,168,0
"573",2006,"Guinea",8616,8962,0,9009,8768,0
"574",2006,"Guinea-Bissau",3208,873,0,2359,1681,0
"575",2006,"Honduras",0,3,0,2,17,0
"576",2006,"Hungary",0,0,13,0,0,51
"577",2006,"India",1947,4378,33947,2244,3672,35662
"578",2006,"Indonesia",36,53,0,68,409,0
"579",2006,"Iran (Islamic Rep. of)",5458,7609,0,8689,10764,0
"580",2006,"Iraq",9870,13024,0,10366,13326,0
"581",2006,"Jordan",2664,5099,0,2812,9610,0
"582",2006,"Kazakhstan",151,178,7,140,299,14
"583",2006,"Kenya",60714,71151,0,71455,87726,0
"584",2006,"Kuwait",128,128,0,97,222,0
"585",2006,"Kyrgyzstan",302,583,5100,311,744,4900
"586",2006,"Latvia",2,3,0,1,18,0
"587",2006,"Liberia",1861,6043,173695,2049,6293,171945
"588",2006,"Libya",517,1304,0,586,2347,0
"589",2006,"Liechtenstein",0,0,11,0,0,14
"590",2006,"Malawi",2230,1815,0,2315,2828,0
"591",2006,"Malaysia",4276,7928,0,4842,29310,0
"592",2006,"Mali",2846,2108,0,3100,4415,0
"593",2006,"Mauritania",82,204,0,89,486,0
"594",2006,"Mexico",140,1239,0,158,1918,0
"595",2006,"Micronesia (Federated States of)",0,0,0,0,2,0
"596",2006,"Mongolia",0,3,0,0,4,0
"597",2006,"Montenegro",3280,8876,0,3672,7304,0
"598",2006,"Mozambique",1739,1267,0,1842,2026,0
"599",2006,"Namibia",1917,1130,0,2003,1436,0
"600",2006,"Nepal",18493,34478,0,19603,35973,0
"601",2006,"Nicaragua",1,125,0,3,79,0
"602",2006,"Niger",72,77,0,54,134,0
"603",2006,"Nigeria",1223,2880,0,1457,3884,0
"604",2006,"Oman",2,2,0,1,9,0
"605",2006,"Pakistan",159,226,520112,149,535,523872
"606",2006,"Panama",303,592,6075,297,899,7425
"607",2006,"Papua New Guinea",2,0,1305,6,0,1372
"608",2006,"Paraguay",6,17,0,4,34,0
"609",2006,"Philippines",2,11,0,6,86,0
"610",2006,"Qatar",7,10,0,7,57,0
"611",2006,"Rep. of Korea",9,144,0,11,546,0
"612",2006,"Rep. of Moldova",18,34,0,17,170,0
"613",2006,"Romania",22,58,0,31,272,0
"614",2006,"Rwanda",17302,13495,0,16337,8124,0
"615",2006,"Saudi Arabia",200,183,0,199,452,0
"616",2006,"Senegal",8047,4790,0,5513,4875,0
"617",2006,"Serbia and Kosovo (S/RES/1244 (1999))",30044,125660,52513,31928,119433,53447
"618",2006,"Sierra Leone",7110,6916,0,7054,6513,0
"619",2006,"Singapore",1,1,0,0,9,0
"620",2006,"Slovakia",3,2,0,0,3,0
"621",2006,"Slovenia",5,68,97,11,43,409
"622",2006,"Somalia",217,653,19,227,1200,15
"623",2006,"Sri Lanka",58,86,282433,51,129,271361
"624",2006,"Sudan",19650,28304,28279,18364,27727,28258
"625",2006,"Swaziland",20,19,0,34,18,0
"626",2006,"Syrian Arab Rep.",9035,13926,0,9715,16971,0
"627",2006,"Tajikistan",2,2,411,1,7,431
"628",2006,"Thailand",34643,38850,0,36434,41902,0
"629",2006,"The former Yugoslav Republic of Macedonia",454,503,0,466,501,0
"630",2006,"Timor-Leste",0,1,0,0,5,0
"631",2006,"Togo",968,931,0,832,1254,0
"632",2006,"Tunisia",5,38,0,11,107,0
"633",2006,"Turkey",1117,2520,0,1268,3609,0
"634",2006,"Turkmenistan",172,196,0,162,221,0
"635",2006,"Uganda",62193,51039,0,66605,48302,0
"636",2006,"United Arab Emirates",26,63,0,39,78,0
"637",2006,"United Rep. of Tanzania",81647,66043,0,81146,58605,0
"638",2006,"Uruguay",8,42,0,15,88,0
"639",2006,"Venezuela (Bolivarian Republic of)",1746,1888,0,1832,2288,0
"640",2006,"Viet Nam",0,0,4845,0,0,4775
"641",2006,"Yemen",10642,13762,0,11154,14131,0
"642",2006,"Zambia",18539,14849,0,17179,14123,0
"643",2006,"Zimbabwe",0,0,1548,0,0,1971
"644",2007,"Afghanistan",552714,773455,1827648,592571,858134,2014677
"645",2007,"Albania",17,23,0,15,44,0
"646",2007,"Angola",7316,5916,0,6250,6423,0
"647",2007,"Argentina",232,1294,0,277,2547,0
"648",2007,"Armenia",96,2386,0,104,2078,0
"649",2007,"Azerbaijan",576,788,0,632,858,0
"650",2007,"Bahrain",3,8,0,10,14,0
"651",2007,"Bangladesh",7722,6524,0,7732,5648,0
"652",2007,"Belarus",115,203,0,107,350,0
"653",2007,"Belize",30,105,0,36,189,0
"654",2007,"Benin",1476,1965,0,1562,3154,0
"655",2007,"Bolivia (Plurinational State of)",45,153,0,63,307,0
"656",2007,"Bosnia and Herzegovina",13023,58529,3929,13261,54165,3649
"657",2007,"Bulgaria",14,94,0,76,791,0
"658",2007,"Burkina Faso",158,258,0,123,594,0
"659",2007,"Burundi",9410,6451,0,9539,6614,0
"660",2007,"Cambodia",49,92,0,55,222,0
"661",2007,"Cameroon",16306,14628,0,16227,15133,0
"662",2007,"Central African Rep.",42149,47605,0,44919,46848,0
"663",2007,"Chad",89170,67768,0,85340,36753,0
"664",2007,"China",36,48,0,46,123,0
"665",2007,"China, Hong Kong SAR",31,316,0,48,1626,0
"666",2007,"Colombia",16,56,0,17,133,0
"667",2007,"Congo",9755,9455,0,9210,10052,0
"668",2007,"Côte d'Ivoire",6352,7430,367249,6290,6378,341979
"669",2007,"Croatia",9,6,0,6,33,0
"670",2007,"Cuba",3,17,0,49,560,0
"671",2007,"Czech Rep.",0,0,367,0,0,596
"672",2007,"Dem. Rep. of the Congo",49098,51409,0,49658,45807,0
"673",2007,"Djibouti",1439,1974,0,1566,1672,0
"674",2007,"Egypt",25710,25205,0,29067,32533,0
"675",2007,"El Salvador",0,11,0,1,32,0
"676",2007,"Eritrea",1631,1488,0,1816,2126,0
"677",2007,"Estonia",0,0,0,0,3,0
"678",2007,"Ethiopia",22599,17012,0,23127,22630,0
"679",2007,"Fiji",0,0,0,0,1,0
"680",2007,"Gabon",2424,3325,0,2344,4993,0
"681",2007,"Gambia",2831,810,0,1911,846,0
"682",2007,"Georgia",1,8,0,3,9,0
"683",2007,"Ghana",8027,10386,0,7340,9649,0
"684",2007,"Guatemala",0,212,0,4,165,0
"685",2007,"Guinea",6721,7519,0,7026,7985,0
"686",2007,"Guinea-Bissau",3208,905,0,2357,1733,0
"687",2007,"Haiti",0,0,0,0,2,0
"688",2007,"Honduras",0,3,0,2,38,0
"689",2007,"India",2297,4669,35845,2560,4309,37089
"690",2007,"Indonesia",55,64,0,74,333,0
"691",2007,"Iraq",7811,13334,1009,8253,13016,1344
"692",2007,"Kazakhstan",121,152,3900,135,255,3956
"693",2007,"Kenya",56396,68580,0,64141,82377,0
"694",2007,"Kuwait",146,230,0,118,366,0
"695",2007,"Kyrgyzstan",190,378,4840,199,566,4640
"696",2007,"Latvia",2,6,0,4,33,0
"697",2007,"Liberia",1560,3436,20641,1728,3837,19533
"698",2007,"Lithuania",0,0,145,0,0,137
"699",2007,"Malawi",2532,1905,0,2670,2604,0
"700",2007,"Malaysia",3937,7719,0,4714,23140,0
"701",2007,"Mali",2530,1816,0,2837,3930,0
"702",2007,"Malta",26,290,0,49,3456,0
"703",2007,"Mauritania",112,237,0,134,513,0
"704",2007,"Mexico",39,604,0,64,958,0
"705",2007,"Micronesia (Federated States of)",0,0,0,0,2,0
"706",2007,"Mongolia",0,2,0,0,6,0
"707",2007,"Montenegro",3183,9826,0,3549,8127,0
"708",2007,"Morocco",157,286,0,149,865,0
"709",2007,"Mozambique",1707,1326,0,1796,2099,0
"710",2007,"Myanmar",178807,164238,0,202648,140484,0
"711",2007,"Namibia",1957,1579,0,1993,2254,0
"712",2007,"Nepal",18054,35793,0,18803,37011,0
"713",2007,"Nicaragua",3,120,0,4,82,0
"714",2007,"Niger",71,83,0,54,130,0
"715",2007,"Nigeria",1029,2823,0,1165,4143,0
"716",2007,"Oman",6,14,0,11,17,0
"717",2007,"Pakistan",506676,443726,0,555619,529610,0
"718",2007,"Panama",344,712,0,339,1027,0
"719",2007,"Papua New Guinea",1151,46,0,1264,51,0
"720",2007,"Paraguay",6,25,0,4,41,0
"721",2007,"Philippines",5,8,0,7,117,0
"722",2007,"Qatar",8,14,0,8,60,0
"723",2007,"Rep. of Korea",14,225,0,16,1018,0
"724",2007,"Russian Federation",487,556,0,454,1396,0
"725",2007,"Rwanda",21032,14639,0,18822,9271,0
"726",2007,"Saint Lucia",0,0,0,0,3,0
"727",2007,"Saudi Arabia",195,187,0,201,436,0
"728",2007,"Senegal",8009,4724,0,5439,4787,0
"729",2007,"Serbia and Kosovo (S/RES/1244 (1999))",27562,127436,9743,29278,121249,11585
"730",2007,"Sierra Leone",2059,2311,0,2033,2621,0
"731",2007,"Singapore",0,4,0,4,26,0
"732",2007,"Slovakia",3,3,0,0,7,0
"733",2007,"Slovenia",2,72,0,28,312,0
"734",2007,"Somalia",294662,217925,0,291675,198818,0
"735",2007,"Sri Lanka",12713,18847,194577,13226,18739,187608
"736",2007,"Sudan",34861,42533,728045,33894,41208,727576
"737",2007,"Swaziland",23,14,0,29,25,0
"738",2007,"Syrian Arab Rep.",214,250,0,202,299,0
"739",2007,"Tajikistan",1,1,0,1,4,0
"740",2007,"Thailand",31335,35999,0,32972,38821,0
"741",2007,"The former Yugoslav Republic of Macedonia",418,521,0,410,511,0
"742",2007,"Timor-Leste",0,0,0,0,5,0
"743",2007,"Togo",1078,1308,0,1071,1400,0
"744",2007,"Trinidad and Tobago",2,6,0,5,112,0
"745",2007,"Tunisia",5,42,0,8,100,0
"746",2007,"Turkey",1696,3391,39,1957,5186,0
"747",2007,"Turkmenistan",27,47,0,30,37,0
"748",2007,"Uganda",59294,51434,0,62311,50914,0
"749",2007,"United Arab Emirates",21,74,0,37,91,0
"750",2007,"United Rep. of Tanzania",61753,48386,0,62266,45299,0
"751",2007,"Uruguay",8,43,0,13,113,0
"752",2007,"Vanuatu",0,1,0,0,0,0
"753",2007,"Venezuela (Bolivarian Republic of)",2095,2297,0,2313,2897,0
"754",2007,"Viet Nam",0,0,4834,0,0,4786
"755",2007,"Yemen",35437,35301,0,33062,28386,0
"756",2007,"Zambia",16883,13584,0,15337,13536,0
"757",2007,"Zimbabwe",692,530,0,736,934,0
"758",2008,"Afghanistan",453869,678705,2495870,484325,756265,2606837
"759",2008,"Albania",12,22,0,18,35,0
"760",2008,"Algeria",52,202,0,67,665,0
"761",2008,"Angola",7861,4274,2542,5852,5326,2810
"762",2008,"Armenia",121,2037,0,134,1832,0
"763",2008,"Bahrain",11,27,0,15,44,0
"764",2008,"Bangladesh",8318,6355,0,8281,5438,0
"765",2008,"Belarus",100,181,0,100,325,0
"766",2008,"Belize",0,2,0,2,3,0
"767",2008,"Benin",1377,1682,0,1426,2660,0
"768",2008,"Bolivia (Plurinational State of)",49,132,0,66,282,0
"769",2008,"Bosnia and Herzegovina",613,3254,6045,609,3261,5636
"770",2008,"Botswana",583,522,0,556,1233,0
"771",2008,"Bulgaria",28,130,0,94,494,0
"772",2008,"Burkina Faso",168,259,0,134,600,0
"773",2008,"Burundi",7521,6113,0,7695,5033,0
"774",2008,"Cambodia",40,62,0,51,72,0
"775",2008,"Cameroon",23026,19197,0,22897,18148,0
"776",2008,"Central African Rep.",49325,49057,0,63175,44335,0
"777",2008,"Chad",146325,105604,0,141577,59201,0
"778",2008,"China",18,15,0,15,48,0
"779",2008,"China, Hong Kong SAR",38,322,0,39,816,0
"780",2008,"Colombia",21,57,0,29,170,0
"781",2008,"Congo",6257,7123,0,6494,8210,0
"782",2008,"Côte d'Ivoire",5895,7442,12706,5863,5938,12386
"783",2008,"Croatia",84,1023,0,110,990,0
"784",2008,"Cuba",2,9,0,24,500,0
"785",2008,"Czech Rep.",65,564,14887,91,365,13202
"786",2008,"Dem. Rep. of the Congo",39397,44745,0,39915,37112,0
"787",2008,"Djibouti",2046,2630,0,2178,2376,0
"788",2008,"Egypt",25783,25462,0,29000,32360,0
"789",2008,"El Salvador",0,10,0,1,21,0
"790",2008,"Eritrea",1276,871,0,1437,1408,0
"791",2008,"Estonia",2,1,0,0,8,0
"792",2008,"Ethiopia",22017,18427,0,23289,21517,0
"793",2008,"Fiji",1,1,0,1,3,0
"794",2008,"Gabon",2348,3424,0,2274,5261,0
"795",2008,"Gambia",2831,810,0,1911,846,0
"796",2008,"Georgia",2,5,0,3,18,0
"797",2008,"Ghana",3328,5400,0,3354,6614,0
"798",2008,"Guatemala",0,67,0,0,68,0
"799",2008,"Guinea",5065,5921,0,5052,6081,0
"800",2008,"Guinea-Bissau",3205,908,0,2361,1737,0
"801",2008,"Haiti",0,0,0,0,3,0
"802",2008,"Honduras",0,3,0,0,20,1
"803",2008,"Hungary",574,797,0,1039,3651,0
"804",2008,"Iceland",36,49,0,32,41,0
"805",2008,"India",2729,4868,35901,2969,4476,37385
"806",2008,"Indonesia",62,95,0,114,454,0
"807",2008,"Iraq",8217,12001,221,8461,12428,219
"808",2008,"Israel",388,2224,160,584,10574,940
"809",2008,"Jordan",79197,179594,0,85513,156794,0
"810",2008,"Kazakhstan",126,161,0,158,285,0
"811",2008,"Kenya",73304,81975,0,81780,92306,0
"812",2008,"Kuwait",188,301,0,216,2180,0
"813",2008,"Kyrgyzstan",4117,5709,1370,4176,4209,1380
"814",2008,"Latvia",8,10,0,8,28,0
"815",2008,"Liberia",1482,3390,5349,1651,3737,4188
"816",2008,"Lithuania",70,79,0,71,131,0
"817",2008,"Malawi",2246,2153,0,2338,2688,0
"818",2008,"Malaysia",5956,9765,0,7213,23064,0
"819",2008,"Mali",2613,1912,0,2920,4049,0
"820",2008,"Mauritania",127,265,0,144,566,0
"821",2008,"Mexico",127,278,0,132,536,0
"822",2008,"Micronesia (Federated States of)",0,0,0,0,1,0
"823",2008,"Mongolia",0,4,0,1,6,0
"824",2008,"Montenegro",461,319,0,467,336,0
"825",2008,"Morocco",135,195,0,165,740,0
"826",2008,"Mozambique",1727,1431,0,1828,2633,0
"827",2008,"Myanmar",178807,164238,0,202648,140484,0
"828",2008,"Namibia",2007,1672,10,2012,2431,8
"829",2008,"Nepal",16545,34096,0,17244,35428,0
"830",2008,"Nicaragua",2,106,0,4,35,0
"831",2008,"Niger",70,86,0,50,138,0
"832",2008,"Nigeria",1599,3471,0,1463,4809,0
"833",2008,"Oman",6,18,0,14,16,0
"834",2008,"Pakistan",476783,424402,0,527918,508057,0
"835",2008,"Panama",3327,4292,0,3877,6019,0
"836",2008,"Papua New Guinea",533,664,0,591,725,0
"837",2008,"Paraguay",8,22,0,5,44,0
"838",2008,"Philippines",4,19,0,6,164,0
"839",2008,"Qatar",7,16,0,8,19,0
"840",2008,"Rep. of Korea",21,279,0,29,1132,0
"841",2008,"Rep. of Moldova",11,41,0,14,115,0
"842",2008,"Russian Federation",97,287,0,115,654,0
"843",2008,"Rwanda",16718,13465,0,15878,9001,0
"844",2008,"Saint Lucia",0,0,0,0,1,0
"845",2008,"Saudi Arabia",151,153,0,161,274,0
"846",2008,"Senegal",10430,8515,0,8142,8800,0
"847",2008,"Serbia and Kosovo (S/RES/1244 (1999))",31302,131021,9561,32939,124926,11296
"848",2008,"Sierra Leone",1997,2476,0,1702,1980,0
"849",2008,"Singapore",0,3,0,0,7,0
"850",2008,"Slovakia",6,17,0,36,133,0
"851",2008,"Slovenia",0,20,0,3,41,0
"852",2008,"Somalia",376111,277919,46,372309,253819,80
"853",2008,"Sri Lanka",117,171,263860,141,233,261740
"854",2008,"Sudan",19726,35182,575754,20343,31793,572451
"855",2008,"Suriname",0,0,0,0,1,0
"856",2008,"Swaziland",36,45,0,54,83,0
"857",2008,"Syrian Arab Rep.",230,311,0,252,359,0
"858",2008,"Tajikistan",4,13,0,5,18,0
"859",2008,"Thailand",27980,32999,0,29394,35137,0
"860",2008,"The former Yugoslav Republic of Macedonia",405,482,0,403,482,0
"861",2008,"Timor-Leste",0,0,0,0,17,0
"862",2008,"Togo",4637,3228,0,3970,2258,0
"863",2008,"Trinidad and Tobago",1,11,0,8,112,0
"864",2008,"Tunisia",7,37,0,9,92,0
"865",2008,"Turkey",2876,5087,0,3446,7091,0
"866",2008,"Turkmenistan",9,31,0,11,28,0
"867",2008,"Uganda",41607,35827,0,42684,35257,0
"868",2008,"United Rep. of Tanzania",90792,74460,0,90126,66785,0
"869",2008,"Uruguay",8,41,0,17,118,0
"870",2008,"Uzbekistan",137,238,0,168,278,0
"871",2008,"Vanuatu",0,0,0,0,4,0
"872",2008,"Venezuela (Bolivarian Republic of)",2569,2932,55865,2776,3659,61253
"873",2008,"Viet Nam",0,0,4928,0,0,4629
"874",2008,"Yemen",42820,42102,0,39534,33306,0
"875",2008,"Zambia",15046,11330,0,14601,12457,0
"876",2008,"Zimbabwe",726,534,0,788,731,0
"877",2009,"Afghanistan",88624,74252,0,93499,79304,0
"878",2009,"Albania",14,21,0,19,36,0
"879",2009,"Algeria",23,61,0,31,170,0
"880",2009,"Angola",478892,972070,2942646,506131,1165617,3077418
"881",2009,"Armenia",119,1727,0,125,1675,0
"882",2009,"Azerbaijan",416,568,0,449,737,0
"883",2009,"Bahrain",21,44,0,20,66,0
"884",2009,"Bangladesh",8327,6330,0,8383,5331,0
"885",2009,"Belarus",97,170,0,97,296,0
"886",2009,"Belize",2,5,0,5,9,0
"887",2009,"Benin",1297,1750,0,1378,2904,0
"888",2009,"Bolivia (Plurinational State of)",50,143,0,57,237,0
"889",2009,"Bosnia and Herzegovina",489,3124,5624,465,3189,5248
"890",2009,"Botswana",631,587,0,605,1405,0
"891",2009,"Brazil",19,93,1704,24,163,1816
"892",2009,"British Virgin Islands",0,0,0,0,6,0
"893",2009,"Bulgaria",33,115,0,75,630,0
"894",2009,"Burkina Faso",168,230,0,135,525,0
"895",2009,"Burundi",8995,7232,0,9173,5905,0
"896",2009,"Cambodia",26,42,0,34,62,0
"897",2009,"Cameroon",28640,23646,0,28370,20613,0
"898",2009,"Canada",7353,19840,0,7670,26289,0
"899",2009,"Cayman Islands",0,0,0,0,5,0
"900",2009,"Central African Rep.",53095,53674,0,56784,61756,0
"901",2009,"Chad",155147,117371,10808,147862,64544,9963
"902",2009,"China",22,30,0,24,65,0
"903",2009,"China, Hong Kong SAR",43,297,0,46,491,0
"904",2009,"China, Macao SAR",4,2,0,2,4,0
"905",2009,"Colombia",19,66,0,25,208,0
"906",2009,"Congo",4580,5227,0,5126,7315,0
"907",2009,"Côte d'Ivoire",5704,7551,0,5665,5945,0
"908",2009,"Croatia",4,7,0,18,26,0
"909",2009,"Cuba",0,7,0,8,444,0
"910",2009,"Dem. Rep. of the Congo",25904,35235,0,26919,28226,0
"911",2009,"Djibouti",2732,3617,0,2884,3799,0
"912",2009,"Egypt",24858,24647,0,28002,30406,0
"913",2009,"El Salvador",2,12,0,5,69,0
"914",2009,"Eritrea",1186,1047,0,1300,1352,0
"915",2009,"Estonia",1,4,0,4,14,0
"916",2009,"Ethiopia",30892,26121,0,32825,34506,0
"917",2009,"Fiji",0,2,0,0,4,0
"918",2009,"Gabon",2345,3361,0,2288,5138,0
"919",2009,"Gambia",1428,1258,0,1451,1260,0
"920",2009,"Ghana",2532,4230,0,2466,5028,0
"921",2009,"Guatemala",0,68,0,0,67,0
"922",2009,"Guinea",3925,4427,0,3905,3996,0
"923",2009,"Guinea-Bissau",3204,897,0,2361,1725,0
"924",2009,"Haiti",0,1,0,0,14,0
"925",2009,"Honduras",0,3,0,0,17,0
"926",2009,"Hungary",146,426,0,563,7692,0
"927",2009,"Iceland",37,48,0,30,20,0
"928",2009,"India",3084,5666,35634,3577,5554,37249
"929",2009,"Indonesia",101,175,0,471,1820,0
"930",2009,"Iran (Islamic Rep. of)",184967,286612,0,201427,357597,0
"931",2009,"Iraq",127162,157559,0,131524,160430,0
"932",2009,"Israel",424,2110,0,573,14629,0
"933",2009,"Jamaica",3,7,0,7,9,0
"934",2009,"Jordan",6279,13293,0,6653,13879,0
"935",2009,"Kazakhstan",123,207,0,126,293,0
"936",2009,"Kenya",89195,94210,207,97338,97143,242
"937",2009,"Kuwait",258,395,0,273,2280,0
"938",2009,"Kyrgyzstan",3204,9920,593,3159,7932,659
"939",2009,"Latvia",14,12,0,13,42,0
"940",2009,"Liberia",1766,1666,2214,1819,2011,1836
"941",2009,"Libya",1561,3569,0,1619,5573,0
"942",2009,"Lithuania",34,49,0,62,108,0
"943",2009,"Malawi",2984,2251,0,3136,2915,0
"944",2009,"Malaysia",8134,16331,0,9749,42206,0
"945",2009,"Mali",3436,3230,0,3617,4961,0
"946",2009,"Malta",5,10,173,24,22,2028
"947",2009,"Mauritania",120,199,0,134,460,0
"948",2009,"Mexico",123,346,0,153,709,0
"949",2009,"Micronesia (Federated States of)",0,0,0,0,1,0
"950",2009,"Mongolia",1,4,0,1,8,0
"951",2009,"Montenegro",410,316,0,420,333,0
"952",2009,"Morocco",130,175,0,139,647,0
"953",2009,"Mozambique",1734,1478,0,1813,2698,0
"954",2009,"Myanmar",178807,164238,0,202648,140484,0
"955",2009,"Namibia",2017,1787,14,2046,2656,17
"956",2009,"Nepal",14403,27914,0,15012,28808,0
"957",2009,"Nicaragua",3,46,0,3,69,0
"958",2009,"Niger",71,93,0,49,144,0
"959",2009,"Nigeria",1571,3239,0,1506,3956,0
"960",2009,"Oman",6,16,0,5,11,0
"961",2009,"Pakistan",409645,397713,0,448515,485079,0
"962",2009,"Palau",0,2,0,0,10,0
"963",2009,"Panama",3329,4304,0,3885,6196,0
"964",2009,"Papua New Guinea",534,666,0,591,726,0
"965",2009,"Paraguay",6,27,0,6,54,0
"966",2009,"Philippines",5,11,0,6,128,0
"967",2009,"Qatar",4,14,0,8,11,0
"968",2009,"Rep. of Korea",20,124,0,23,422,0
"969",2009,"Rep. of Moldova",18,1247,0,23,919,0
"970",2009,"Romania",2,11,0,13,186,0
"971",2009,"Russian Federation",103,135,0,143,312,0
"972",2009,"Rwanda",22280,19262,0,21031,12318,0
"973",2009,"Saint Lucia",0,1,0,0,3,0
"974",2009,"Saint Vincent and the Grenadines",0,0,0,0,1,0
"975",2009,"Saudi Arabia",127,152,0,152,248,0
"976",2009,"Senegal",5796,6272,0,5596,7283,0
"977",2009,"Serbia and Kosovo (S/RES/1244 (1999))",30516,125736,10389,32111,119929,13211
"978",2009,"Sierra Leone",1783,2848,0,1712,2917,0
"979",2009,"Singapore",0,3,0,0,4,0
"980",2009,"Slovakia",23,41,0,25,188,0
"981",2009,"Slovenia",5,37,0,34,253,0
"982",2009,"Somalia",457080,338064,14,452497,309456,7
"983",2009,"Sri Lanka",99,151,263313,126,213,252987
"984",2009,"Sudan",35575,39482,544874,36588,31383,544877
"985",2009,"Suriname",0,0,0,0,1,0
"986",2009,"Swaziland",46,75,0,61,74,0
"987",2009,"Tajikistan",14,16,0,12,22,0
"988",2009,"Thailand",25426,30868,0,26764,32494,0
"989",2009,"The former Yugoslav Republic of Macedonia",716,1033,0,714,939,0
"990",2009,"Timor-Leste",0,0,0,0,11,0
"991",2009,"Togo",3245,1736,0,2666,1214,0
"992",2009,"Trinidad and Tobago",0,14,0,11,208,0
"993",2009,"Tunisia",7,41,0,11,69,0
"994",2009,"Turkey",2177,4570,0,2519,6975,0
"995",2009,"Turkmenistan",7,25,0,6,22,0
"996",2009,"Uganda",36361,31857,0,36651,34027,0
"997",2009,"United Arab Emirates",65,105,0,57,128,0
"998",2009,"United Rep. of Tanzania",29623,22996,0,29868,20359,0
"999",2009,"Uruguay",13,55,0,23,118,0
"1000",2009,"Uzbekistan",102,154,0,93,206,0
"1001",2009,"Vanuatu",0,0,0,0,4,0
"1002",2009,"Venezuela (Bolivarian Republic of)",3065,3490,54161,3331,4356,59437
"1003",2009,"Viet Nam",0,0,4928,0,0,4629
"1004",2009,"Yemen",90453,84912,0,81557,63436,0
"1005",2009,"Zambia",10017,7037,0,10134,7927,0
"1006",2009,"Zimbabwe",1144,921,0,1243,1322,0
"1007",2010,"Afghanistan",457025,490871,18,473744,484124,31
"1008",2010,"Albania",13,21,0,19,46,0
"1009",2010,"Algeria",36,102,0,40,265,0
"1010",2010,"Angola",0,0,8705,0,0,10964
"1011",2010,"Armenia",114,1592,0,119,1500,0
"1012",2010,"Azerbaijan",359,482,0,393,674,0
"1013",2010,"Bahamas",3,10,0,6,19,0
"1014",2010,"Bahrain",38,73,0,30,93,0
"1015",2010,"Bangladesh",8466,6561,0,8536,5690,0
"1016",2010,"Belarus",95,175,0,94,291,0
"1017",2010,"Belgium",0,0,7774,0,0,10809
"1018",2010,"Benin",1309,1709,0,1378,2844,0
"1019",2010,"Bolivia (Plurinational State of)",62,238,0,70,366,0
"1020",2010,"Bonaire",0,0,0,0,1,0
"1021",2010,"Bosnia and Herzegovina",5779,30461,28847,5923,29734,30046
"1022",2010,"Botswana",642,568,0,617,1408,0
"1023",2010,"Brazil",227,1310,0,290,3617,0
"1024",2010,"British Virgin Islands",0,0,0,0,2,0
"1025",2010,"Bulgaria",0,0,133,0,0,892
"1026",2010,"Burkina Faso",173,233,0,133,526,0
"1027",2010,"Burundi",13311,11115,0,13462,9350,0
"1028",2010,"Cambodia",35,40,0,35,70,0
"1029",2010,"Cameroon",29788,24990,0,29731,22149,0
"1030",2010,"Canada",5863,16447,0,6163,22552,0
"1031",2010,"Cayman Islands",0,0,0,0,5,0
"1032",2010,"Central African Rep.",53861,52592,0,54558,54327,0
"1033",2010,"Chad",98505,87587,0,94291,48473,0
"1034",2010,"China",32,54,143910,41,86,156985
"1035",2010,"China, Hong Kong SAR",48,166,0,57,370,0
"1036",2010,"China, Macao SAR",2,2,0,1,5,0
"1037",2010,"Colombia",25,78,1816767,31,246,1855287
"1038",2010,"Congo",39493,31148,0,39719,28372,0
"1039",2010,"Costa Rica",2156,6275,0,2874,8575,0
"1040",2010,"Côte d'Ivoire",6411,7667,0,6335,5963,0
"1041",2010,"Croatia",179,1634,10682,197,1599,9861
"1042",2010,"Cuba",0,14,0,5,403,0
"1043",2010,"Curaçao",2,3,0,2,2,0
"1044",2010,"Czech Rep.",0,0,345,0,0,659
"1045",2010,"Dem. Rep. of the Congo",46332,41715,2594,51628,38017,3582
"1046",2010,"Denmark",0,0,1512,0,0,1704
"1047",2010,"Djibouti",3342,4442,0,3432,4627,0
"1048",2010,"Dominican Rep.",0,0,1178,0,0,1180
"1049",2010,"Ecuador",11453,34501,0,12130,43957,0
"1050",2010,"Egypt",25032,25281,0,28233,30873,0
"1051",2010,"El Salvador",4,15,0,4,33,0
"1052",2010,"Eritrea",1252,901,0,1306,1487,0
"1053",2010,"Estonia",1,4,0,4,40,0
"1054",2010,"Ethiopia",41653,32936,0,43842,36892,0
"1055",2010,"Fiji",0,2,0,0,5,0
"1056",2010,"France",0,0,67449,0,0,93069
"1057",2010,"Gabon",2114,3590,0,2086,5357,0
"1058",2010,"Gambia",2254,2122,0,2366,1469,241
"1059",2010,"Georgia",155,1177,0,166,1011,0
"1060",2010,"Germany",62662,214247,3255,68060,301291,4665
"1061",2010,"Ghana",2604,4340,0,2602,5031,0
"1062",2010,"Grenada",0,1,0,1,1,0
"1063",2010,"Guatemala",1,68,0,2,69,0
"1064",2010,"Guinea",5207,2451,0,5129,2090,0
"1065",2010,"Guinea-Bissau",1940,2265,0,2092,1712,0
"1066",2010,"Guyana",1,3,0,2,1,0
"1067",2010,"Honduras",0,4,0,0,10,0
"1068",2010,"Iceland",1,4,0,4,13,0
"1069",2010,"India",3234,5088,34358,3274,6973,35640
"1070",2010,"Indonesia",165,270,0,445,2002,0
"1071",2010,"Iran (Islamic Rep. of)",321,502,0,371,662,0
"1072",2010,"Iraq",334579,406165,0,346696,412740,0
"1073",2010,"Italy",0,0,887,0,0,3189
"1074",2010,"Jamaica",2,5,0,5,9,0
"1075",2010,"Japan",0,0,1957,0,0,4902
"1076",2010,"Jordan",5334,10633,0,5749,11460,0
"1077",2010,"Kenya",104417,106282,0,114269,105903,0
"1078",2010,"Kuwait",244,490,0,296,730,0
"1079",2010,"Kyrgyzstan",2775,5913,153390,2813,4652,134510
"1080",2010,"Latvia",15,18,0,22,66,0
"1081",2010,"Lebanon",1366,2025,0,1579,4510,0
"1082",2010,"Liberia",7150,6152,0,7486,3982,0
"1083",2010,"Libya",1348,3179,0,1430,5160,0
"1084",2010,"Lithuania",35,1539,0,71,2144,0
"1085",2010,"Malawi",3460,2422,0,3675,3262,0
"1086",2010,"Malaysia",8626,19261,0,9761,55209,0
"1087",2010,"Mali",3437,3226,0,3623,4975,0
"1088",2010,"Malta",4,0,200,54,836,2130
"1089",2010,"Mauritania",575,507,0,517,744,0
"1090",2010,"Mexico",107,414,0,119,927,0
"1091",2010,"Mongolia",3,12,0,3,25,0
"1092",2010,"Montenegro",1868,6522,0,2101,5878,0
"1093",2010,"Montserrat",0,0,0,0,14,0
"1094",2010,"Morocco",130,183,0,157,602,0
"1095",2010,"Mozambique",2016,1767,0,2199,4009,0
"1096",2010,"Myanmar",250071,204128,0,217337,187867,0
"1097",2010,"Namibia",2087,1816,10,2107,2665,18
"1098",2010,"Nepal",12041,24177,1238,12682,24891,1290
"1099",2010,"Netherlands",0,0,4533,0,0,8514
"1100",2010,"Nicaragua",5,22,0,8,41,0
"1101",2010,"Niger",62,79,0,42,149,0
"1102",2010,"Nigeria",1685,3397,0,1694,3786,0
"1103",2010,"Oman",19,34,0,12,26,0
"1104",2010,"Pakistan",503646,433882,0,548445,524370,0
"1105",2010,"Panama",3363,4237,0,3918,6037,0
"1106",2010,"Papua New Guinea",534,665,0,591,720,0
"1107",2010,"Paraguay",5,33,0,5,72,0
"1108",2010,"Peru",83,441,0,103,783,0
"1109",2010,"Philippines",35,52,16,50,179,52
"1110",2010,"Qatar",10,24,0,10,23,0
"1111",2010,"Rep. of Korea",36,148,0,34,564,0
"1112",2010,"Rep. of Moldova",15,1251,0,29,965,0
"1113",2010,"Romania",20,28,0,43,294,0
"1114",2010,"Russian Federation",20,36,0,314,24,0
"1115",2010,"Rwanda",19667,16871,0,18563,10473,0
"1116",2010,"Saint Lucia",0,1,0,0,5,0
"1117",2010,"Saudi Arabia",125,157,0,143,244,0
"1118",2010,"Senegal",5303,5744,0,5115,6687,0
"1119",2010,"Serbia and Kosovo (S/RES/1244 (1999))",28997,129243,0,30624,124082,0
"1120",2010,"Sierra Leone",1637,2577,0,1554,2805,0
"1121",2010,"Singapore",0,3,0,0,4,0
"1122",2010,"Sint Maarten (Dutch part)",0,1,0,2,1,0
"1123",2010,"Slovakia",13,11,0,7,146,0
"1124",2010,"Slovenia",32,53,0,46,302,0
"1125",2010,"Somalia",429359,317137,11020,429465,295516,7346
"1126",2010,"Spain",0,0,881,0,0,1831
"1127",2010,"Sri Lanka",49,93,221792,69,150,213108
"1128",2010,"Sudan",29192,34879,843807,30115,30610,842808
"1129",2010,"Suriname",0,0,0,0,8,0
"1130",2010,"Switzerland",5028,9336,10764,5659,16363,14578
"1131",2010,"Syrian Arab Rep.",25444,42253,0,26903,43478,5045
"1132",2010,"Tajikistan",30,23,0,17,28,0
"1133",2010,"Thailand",23065,29284,0,24134,30442,0
"1134",2010,"The former Yugoslav Republic of Macedonia",626,960,0,656,828,0
"1135",2010,"Timor-Leste",0,0,0,0,5,0
"1136",2010,"Togo",4014,3427,0,4303,2477,0
"1137",2010,"Tonga",1,1,0,0,1,0
"1138",2010,"Trinidad and Tobago",2,13,0,6,110,0
"1139",2010,"Tunisia",6,38,0,7,61,0
"1140",2010,"Turkey",2310,4694,0,2684,7059,0
"1141",2010,"Turkmenistan",7,26,10000,5,24,10000
"1142",2010,"Uganda",39928,36464,29,40338,39875,30
"1143",2010,"Ukraine",130,444,804,268,2002,1716
"1144",2010,"United Arab Emirates",253,43,0,266,62,0
"1145",2010,"United Rep. of Tanzania",77894,61980,0,76335,56580,0
"1146",2010,"Uruguay",15,56,0,26,132,0
"1147",2010,"Uzbekistan",44,94,0,50,123,0
"1148",2010,"Vanuatu",0,0,0,0,4,0
"1149",2010,"Venezuela (Bolivarian Republic of)",4092,3960,95605,4411,4943,104395
"1150",2010,"Viet Nam",0,0,7701,0,0,4427
"1151",2010,"Yemen",110185,117303,0,121380,159487,0
"1152",2010,"Zambia",12186,9970,0,11843,12112,0
"1153",2010,"Zimbabwe",1199,978,0,1335,1447,0
"1154",2011,"Afghanistan",403435,363077,0,417435,361244,0
"1155",2011,"Albania",13,31,0,20,42,0
"1156",2011,"Algeria",65,219,0,75,600,0
"1157",2011,"Argentina",131,704,0,177,1411,0
"1158",2011,"Armenia",116,1384,0,129,1325,0
"1159",2011,"Aruba",0,2,0,0,2,0
"1160",2011,"Azerbaijan",101701,204349,0,98910,196025,0
"1161",2011,"Bahamas",3,10,0,6,23,0
"1162",2011,"Bahrain",62,117,0,44,136,0
"1163",2011,"Bangladesh",8424,6816,0,8516,5915,0
"1164",2011,"Belarus",95,170,0,91,289,0
"1165",2011,"Belgium",0,0,9472,0,0,12874
"1166",2011,"Belize",11,42,0,13,67,0
"1167",2011,"Benin",1377,1793,0,1442,2963,0
"1168",2011,"Bolivia (Plurinational State of)",61,241,0,70,362,0
"1169",2011,"Bosnia and Herzegovina",5700,30392,28325,5801,29629,29514
"1170",2011,"Botswana",688,624,0,669,1577,0
"1171",2011,"Brazil",240,1385,1704,280,7372,1816
"1172",2011,"British Virgin Islands",0,0,0,0,2,0
"1173",2011,"Bulgaria",0,108,0,141,641,0
"1174",2011,"Burkina Faso",194,272,0,147,598,0
"1175",2011,"Burundi",14278,12467,41713,14351,10301,37083
"1176",2011,"Cambodia",8,23,0,17,65,0
"1177",2011,"Cameroon",29479,24103,0,29501,20588,0
"1178",2011,"Canada",10486,28488,0,10760,32953,0
"1179",2011,"Cayman Islands",0,0,0,0,4,0
"1180",2011,"Central African Rep.",51441,48676,0,49996,49783,0
"1181",2011,"Chad",107233,87808,0,104175,49443,0
"1182",2011,"China",24,45,143910,23,61,156985
"1183",2011,"China, Hong Kong SAR",62,258,0,55,375,0
"1184",2011,"China, Macao SAR",2,2,0,1,6,0
"1185",2011,"Colombia",25,72,1983260,37,222,1905049
"1186",2011,"Congo",41297,33022,0,41467,29521,0
"1187",2011,"Costa Rica",2286,6441,0,2999,8786,0
"1188",2011,"Côte d'Ivoire",73307,68609,0,74355,71389,0
"1189",2011,"Croatia",52,482,10985,99,476,10140
"1190",2011,"Cuba",0,14,0,3,371,0
"1191",2011,"Curaçao",2,5,0,2,3,0
"1192",2011,"Dem. Rep. of the Congo",71012,59694,0,75591,46866,0
"1193",2011,"Djibouti",4174,5949,0,4100,8024,0
"1194",2011,"Dominican Rep.",1,3,1201,2,6,1167
"1195",2011,"Ecuador",9509,28176,0,9675,29290,0
"1196",2011,"Egypt",25714,27150,0,28979,32242,0
"1197",2011,"El Salvador",2,10,0,3,28,0
"1198",2011,"Eritrea",1772,696,0,1647,611,0
"1199",2011,"Estonia",1,8,45860,3,47,51889
"1200",2011,"Ethiopia",81480,60630,0,86241,61840,0
"1201",2011,"Fiji",0,2,0,0,6,0
"1202",2011,"France",0,0,70878,0,0,97603
"1203",2011,"Gabon",1912,3414,0,1871,5601,0
"1204",2011,"Gambia",2407,2553,0,2559,2035,0
"1205",2011,"Georgia",95,991,0,102,883,0
"1206",2011,"Germany",57045,213686,0,62452,301182,0
"1207",2011,"Ghana",4694,7814,0,4737,8975,0
"1208",2011,"Grenada",0,1,0,1,1,0
"1209",2011,"Guatemala",3,70,0,5,79,0
"1210",2011,"Guinea",4021,4838,0,3930,4425,0
"1211",2011,"Guinea-Bissau",1896,2302,0,1980,1713,0
"1212",2011,"Guyana",1,3,0,2,2,0
"1213",2011,"Haiti",0,0,0,0,6,0
"1214",2011,"Honduras",2,4,0,0,11,0
"1215",2011,"Iceland",13,21,46,8,64,60
"1216",2011,"India",3359,6630,33549,3838,6657,34603
"1217",2011,"Indonesia",308,477,0,853,2601,0
"1218",2011,"Iran (Islamic Rep. of)",76,127,0,136,186,0
"1219",2011,"Iraq",72884,89070,0,75299,91266,0
"1220",2011,"Israel",1072,12110,0,1245,34220,0
"1221",2011,"Jamaica",1,6,0,4,9,0
"1222",2011,"Japan",0,0,2259,0,0,5078
"1223",2011,"Jordan",6394,11970,0,6769,13048,0
"1224",2011,"Kazakhstan",594,1574,0,634,1566,0
"1225",2011,"Kenya",153879,144659,0,167327,135896,0
"1226",2011,"Kuwait",235,434,0,294,490,0
"1227",2011,"Kyrgyzstan",31146,74020,2800,35033,64919,2700
"1228",2011,"Latvia",8,11,0,11,38,0
"1229",2011,"Lebanon",2807,3474,236,3168,5891,0
"1230",2011,"Lesotho",3,10,0,6,18,0
"1231",2011,"Liberia",38102,29994,0,40757,21773,1850
"1232",2011,"Libya",1308,2920,0,1436,4771,0
"1233",2011,"Liechtenstein",0,0,12,0,0,45
"1234",2011,"Lithuania",55,1990,0,62,1502,0
"1235",2011,"Madagascar",2,3,0,1,5,0
"1236",2011,"Malawi",4193,3265,0,4569,4826,0
"1237",2011,"Malaysia",9276,19989,0,10209,58144,0
"1238",2011,"Mali",4610,3341,0,4984,5186,0
"1239",2011,"Mauritania",594,447,0,557,586,0
"1240",2011,"Mexico",100,373,0,115,807,0
"1241",2011,"Mongolia",0,1,0,0,5,0
"1242",2011,"Montenegro",1637,5011,0,1838,4860,0
"1243",2011,"Montserrat",0,0,0,0,5,0
"1244",2011,"Morocco",138,272,0,184,757,0
"1245",2011,"Mozambique",2375,2284,0,2650,6372,0
"1246",2011,"Myanmar",307044,294059,0,270867,275305,0
"1247",2011,"Namibia",1724,1598,0,1791,1896,0
"1248",2011,"Nepal",9295,18361,408784,9849,19013,408693
"1249",2011,"Netherlands",0,0,3647,0,0,6773
"1250",2011,"Nicaragua",6,35,0,6,45,0
"1251",2011,"Niger",71,97,0,70,187,0
"1252",2011,"Nigeria",1692,3030,0,1635,3978,0
"1253",2011,"Norway",0,0,1248,0,0,1525
"1254",2011,"Oman",28,43,0,20,35,0
"1255",2011,"Pakistan",459325,368988,0,504908,423634,0
"1256",2011,"Palau",0,0,0,0,2,0
"1257",2011,"Panama",3368,4409,0,3920,6362,0
"1258",2011,"Papua New Guinea",504,629,0,560,683,0
"1259",2011,"Paraguay",12,39,0,9,73,0
"1260",2011,"Peru",91,493,0,117,937,0
"1261",2011,"Philippines",11,21,16,6,145,52
"1262",2011,"Poland",401,368,0,409,371,0
"1263",2011,"Qatar",21,46,0,19,43,0
"1264",2011,"Rep. of Korea",37,209,0,48,1129,0
"1265",2011,"Rep. of Moldova",8,1261,0,18,981,0
"1266",2011,"Romania",0,0,0,0,123,0
"1267",2011,"Russian Federation",11,19,0,30,20,0
"1268",2011,"Rwanda",17460,17718,0,16637,11366,0
"1269",2011,"Saint Lucia",0,1,0,0,4,0
"1270",2011,"Saint Vincent and the Grenadines",0,1,0,0,0,0
"1271",2011,"Saudi Arabia",134,152,0,149,244,0
"1272",2011,"Senegal",5921,5538,0,5829,5619,0
"1273",2011,"Serbia and Kosovo (S/RES/1244 (1999))",27616,127724,0,29296,122694,0
"1274",2011,"Sierra Leone",1554,2463,0,1689,2450,0
"1275",2011,"Singapore",0,1,0,0,2,0
"1276",2011,"Sint Maarten (Dutch part)",0,1,0,1,1,0
"1277",2011,"Slovakia",41,62,0,42,366,0
"1278",2011,"Slovenia",0,20,0,10,70,0
"1279",2011,"Somalia",398169,294153,240,398233,274122,176
"1280",2011,"South Sudan",28989,20641,0,34519,21780,0
"1281",2011,"Sri Lanka",374,643,0,412,691,0
"1282",2011,"Sudan",22800,28596,1373944,23822,25168,1373842
"1283",2011,"Suriname",0,1,0,0,2,0
"1284",2011,"Sweden",0,0,4241,0,0,6103
"1285",2011,"Switzerland",5319,10018,11642,5989,18899,15464
"1286",2011,"Syrian Arab Rep.",20944,34284,0,22179,30122,0
"1287",2011,"Tajikistan",36,40,0,49,47,0
"1288",2011,"Thailand",22044,28828,0,22810,28928,0
"1289",2011,"The former Yugoslav Republic of Macedonia",496,816,0,510,814,0
"1290",2011,"Timor-Leste",0,0,0,0,2,0
"1291",2011,"Togo",4953,4994,0,5253,4485,0
"1292",2011,"Tonga",1,1,0,0,1,0
"1293",2011,"Trinidad and Tobago",3,9,0,4,26,0
"1294",2011,"Tunisia",378,836,0,534,2706,2
"1295",2011,"Turkey",3875,7044,0,4702,9808,0
"1296",2011,"Turkmenistan",7,24,5500,4,24,5500
"1297",2011,"Uganda",45342,34121,0,47497,35941,0
"1298",2011,"Ukraine",186,439,0,281,1679,0
"1299",2011,"United Arab Emirates",314,42,0,309,57,0
"1300",2011,"United Rep. of Tanzania",81464,68336,0,80394,64010,0
"1301",2011,"Uruguay",13,58,0,16,138,0
"1302",2011,"Uzbekistan",34,60,0,34,86,0
"1303",2011,"Vanuatu",1,0,0,0,1,0
"1304",2011,"Venezuela (Bolivarian Republic of)",4385,4463,93901,4880,5533,102579
"1305",2011,"Viet Nam",0,0,7217,0,0,3973
"1306",2011,"Yemen",116652,139564,0,133211,184510,0
"1307",2011,"Zambia",12190,9105,0,12418,10940,0
"1308",2011,"Zimbabwe",1536,1022,0,1716,1585,0
"1309",2012,"Afghanistan",376261,347516,0,396948,374573,0
"1310",2012,"Albania",16,30,0,22,46,0
"1311",2012,"Algeria",127,385,0,202,1150,0
"1312",2012,"Argentina",165,922,0,179,2197,0
"1313",2012,"Armenia",204,1438,11,219,1387,13
"1314",2012,"Aruba",0,2,0,0,4,0
"1315",2012,"Austria",0,0,5835,0,0,15971
"1316",2012,"Azerbaijan",280,380,0,284,562,0
"1317",2012,"Bahamas",0,4,0,4,44,0
"1318",2012,"Bahrain",64,108,0,40,127,0
"1319",2012,"Bangladesh",8817,7053,0,8892,5938,0
"1320",2012,"Barbados",0,0,0,0,1,0
"1321",2012,"Belarus",95,168,0,89,286,0
"1322",2012,"Belgium",0,0,10938,0,0,14984
"1323",2012,"Belize",15,26,0,18,45,0
"1324",2012,"Benin",984,1311,0,1062,1740,0
"1325",2012,"Bolivia (Plurinational State of)",67,242,0,72,360,0
"1326",2012,"Bosnia and Herzegovina",430,3033,83447,407,3075,86871
"1327",2012,"Botswana",657,602,0,656,1525,0
"1328",2012,"Brazil",316,2100,1704,486,8814,1816
"1329",2012,"British Virgin Islands",0,0,0,0,2,0
"1330",2012,"Bulgaria",0,0,152,0,0,1077
"1331",2012,"Burkina Faso",10147,8890,0,11302,9653,0
"1332",2012,"Burundi",43012,37513,40,43763,39803,73
"1333",2012,"Cambodia",6,20,0,15,60,0
"1334",2012,"Cameroon",28655,24247,0,28867,20326,0
"1335",2012,"Canada",4821,14742,0,5018,18356,0
"1336",2012,"Cayman Islands",0,0,0,0,3,0
"1337",2012,"Central African Rep.",4143,3543,0,4340,3151,0
"1338",2012,"Chad",102777,93057,0,100842,54769,0
"1339",2012,"Chile",0,0,133,0,0,145
"1340",2012,"China",47,138,143910,52,170,156985
"1341",2012,"China, Hong Kong SAR",67,385,0,60,441,0
"1342",2012,"China, Macao SAR",0,1,0,1,4,0
"1343",2012,"Colombia",25,70,2012514,25,185,1930995
"1344",2012,"Congo",28405,23455,0,28278,22669,0
"1345",2012,"Costa Rica",2344,6633,0,3041,9065,0
"1346",2012,"Côte d'Ivoire",35253,35156,0,37425,38008,0
"1347",2012,"Croatia",60,370,10401,109,551,9603
"1348",2012,"Cuba",3,17,0,5,349,0
"1349",2012,"Curaçao",2,7,0,2,29,0
"1350",2012,"Czech Rep.",0,0,1665,0,0,2469
"1351",2012,"Dem. Rep. of the Congo",50848,46085,0,50261,38268,0
"1352",2012,"Denmark",0,0,1703,0,0,1920
"1353",2012,"Djibouti",4468,6123,0,4355,7288,0
"1354",2012,"Dominican Rep.",333,462,0,300,430,0
"1355",2012,"Ecuador",8346,25047,0,8688,27966,0
"1356",2012,"Egypt",41922,37421,0,42662,43575,0
"1357",2012,"El Salvador",2,10,0,2,31,0
"1358",2012,"Eritrea",1007,727,0,1123,821,0
"1359",2012,"Estonia",0,11,0,4,55,0
"1360",2012,"Ethiopia",102174,74622,0,108363,71725,0
"1361",2012,"Fiji",2,3,0,1,7,0
"1362",2012,"Finland",0,0,1467,0,0,2431
"1363",2012,"France",0,0,83827,0,0,117617
"1364",2012,"Gabon",479,1076,0,488,2320,0
"1365",2012,"Gambia",2564,2652,0,2563,2074,0
"1366",2012,"Georgia",131,832,0,163,826,0
"1367",2012,"Germany",60137,227383,0,66548,321229,0
"1368",2012,"Ghana",2896,6103,0,2872,6750,0
"1369",2012,"Guatemala",4,72,0,7,79,0
"1370",2012,"Guinea",2530,2946,0,2457,2970,0
"1371",2012,"Guinea-Bissau",1882,2325,0,1956,1729,0
"1372",2012,"Guyana",1,3,0,2,1,0
"1373",2012,"Haiti",0,0,0,0,12,0
"1374",2012,"Honduras",0,8,0,0,9,0
"1375",2012,"Hungary",0,0,69,0,0,317
"1376",2012,"Iceland",11,24,52,9,84,67
"1377",2012,"India",3496,7301,33206,3994,7259,33959
"1378",2012,"Indonesia",1163,226,0,6201,355,0
"1379",2012,"Iran (Islamic Rep. of)",7301,7113,0,7526,7513,0
"1380",2012,"Iraq",279326,138790,0,214794,225960,0
"1381",2012,"Ireland",0,0,359,0,0,439
"1382",2012,"Israel",1097,7284,0,1539,44211,0
"1383",2012,"Italy",0,0,2293,0,0,12037
"1384",2012,"Jamaica",1,6,0,4,9,0
"1385",2012,"Japan",0,0,1923,0,0,6197
"1386",2012,"Jordan",76209,78788,0,76139,74507,0
"1387",2012,"Kazakhstan",568,1580,0,605,1571,0
"1388",2012,"Kenya",161509,140900,0,177621,126847,0
"1389",2012,"Kuwait",235,436,0,319,513,0
"1390",2012,"Kyrgyzstan",31321,64524,2304,34952,57384,2200
"1391",2012,"Latvia",16,50,0,33,171,0
"1392",2012,"Lebanon",34441,33762,0,36248,31401,0
"1393",2012,"Lesotho",2,10,0,6,19,0
"1394",2012,"Liberia",17575,17696,15526,18246,12440,13852
"1395",2012,"Libya",3449,2435,0,3889,3844,0
"1396",2012,"Lithuania",19,26,1666,22,83,2464
"1397",2012,"Madagascar",2,2,0,1,5,0
"1398",2012,"Malawi",4421,3306,0,4699,4238,0
"1399",2012,"Malaysia",10325,20525,0,11495,59491,0
"1400",2012,"Mali",4386,2445,0,4651,2686,0
"1401",2012,"Mauritania",16827,14735,0,16559,9909,0
"1402",2012,"Mexico",168,409,0,136,734,0
"1403",2012,"Mongolia",0,1,0,2,10,0
"1404",2012,"Montenegro",1594,5370,1788,1769,5291,1595
"1405",2012,"Montserrat",0,0,0,0,5,0
"1406",2012,"Morocco",231,452,0,287,1952,0
"1407",2012,"Mozambique",2686,2504,0,2915,4493,0
"1408",2012,"Myanmar",292022,240557,0,254396,221100,0
"1409",2012,"Namibia",609,662,0,628,996,0
"1410",2012,"Nauru",0,0,0,0,379,0
"1411",2012,"Nepal",6888,13312,7660,7336,14037,7501
"1412",2012,"Nicaragua",10,49,0,12,69,0
"1413",2012,"Niger",15878,11685,0,14521,8534,0
"1414",2012,"Nigeria",719,1070,0,721,1686,0
"1415",2012,"Norway",0,0,2950,0,0,6449
"1416",2012,"Oman",33,53,0,26,46,0
"1417",2012,"Pakistan",583357,537019,0,678664,600696,0
"1418",2012,"Palau",0,0,0,0,3,0
"1419",2012,"Panama",3305,4387,0,3895,6209,0
"1420",2012,"Papua New Guinea",2059,2538,0,2269,2517,0
"1421",2012,"Paraguay",16,40,0,10,77,0
"1422",2012,"Peru",111,471,0,151,867,0
"1423",2012,"Philippines",10,26,3023,5,132,3060
"1424",2012,"Poland",0,0,673,0,0,630
"1425",2012,"Qatar",22,48,0,20,47,0
"1426",2012,"Rep. of Korea",44,235,111,58,1483,68
"1427",2012,"Rep. of Moldova",12,1233,0,15,998,0
"1428",2012,"Romania",1,109,0,35,1768,0
"1429",2012,"Rwanda",20174,19752,0,19292,11338,0
"1430",2012,"Saint Kitts and Nevis",0,0,0,0,1,0
"1431",2012,"Saint Lucia",0,0,0,0,3,0
"1432",2012,"Saudi Arabia",135,149,0,151,241,0
"1433",2012,"Senegal",4093,4000,0,4074,4403,0
"1434",2012,"Serbia and Kosovo (S/RES/1244 (1999))",25477,124198,0,27086,119455,0
"1435",2012,"Sierra Leone",1069,1054,0,1055,1093,0
"1436",2012,"Singapore",0,1,0,0,2,0
"1437",2012,"Sint Maarten (Dutch part)",0,3,0,1,3,0
"1438",2012,"Slovakia",61,70,0,30,603,0
"1439",2012,"Slovenia",17,48,0,48,163,0
"1440",2012,"Solomon Islands",0,1,0,0,2,0
"1441",2012,"Somalia",2527,2621,0,2499,3178,0
"1442",2012,"South Sudan",59227,45744,1007,59475,38170,899
"1443",2012,"Sri Lanka",301,586,0,329,637,0
"1444",2012,"Sudan",22177,33525,1017777,23177,30428,1018685
"1445",2012,"Suriname",0,1,0,0,2,0
"1446",2012,"Swaziland",161,202,0,179,385,0
"1447",2012,"Sweden",0,0,10655,0,0,16018
"1448",2012,"Switzerland",5371,10482,13827,6031,18407,18338
"1449",2012,"Syrian Arab Rep.",12997,21967,0,13785,21288,0
"1450",2012,"Tajikistan",22,14,0,15,24,4072
"1451",2012,"Thailand",20859,28253,0,21525,28422,0
"1452",2012,"The former Yugoslav Republic of Macedonia",456,820,0,503,933,0
"1453",2012,"Timor-Leste",0,0,0,0,1,0
"1454",2012,"Togo",6411,6534,0,6558,4521,0
"1455",2012,"Tonga",1,0,0,1,1,0
"1456",2012,"Trinidad and Tobago",2,3,0,3,17,0
"1457",2012,"Tunisia",97,263,0,168,1248,0
"1458",2012,"Turkey",5103,8993,72191,6303,12274,78949
"1459",2012,"Turkmenistan",1,24,4476,0,21,4471
"1460",2012,"Turks and Caicos Islands",2,8,0,2,10,0
"1461",2012,"Uganda",77983,32170,0,82562,33252,0
"1462",2012,"Ukraine",0,0,1773,0,0,4687
"1463",2012,"United Arab Emirates",114,237,0,125,246,0
"1464",2012,"United Rep. of Tanzania",72666,62932,0,70447,57798,0
"1465",2012,"Uruguay",19,63,0,19,119,0
"1466",2012,"Uzbekistan",25,55,0,21,75,0
"1467",2012,"Vanuatu",1,0,0,0,1,0
"1468",2012,"Venezuela (Bolivarian Republic of)",785,1315,93901,873,1581,102579
"1469",2012,"Viet Nam",0,0,6800,0,0,4700
"1470",2012,"Yemen",143403,188854,0,154752,248844,0
"1471",2012,"Zambia",13590,9456,0,13849,11416,0
"1472",2012,"Zimbabwe",1113,892,0,1253,1120,0
"1473",2013,"Afghanistan",248061,249077,0,253821,233338,0
"1474",2013,"Albania",20,94,0,24,183,0
"1475",2013,"Algeria",241,352,0,305,1062,0
"1476",2013,"Antigua and Barbuda",0,0,0,0,1,0
"1477",2013,"Argentina",170,1334,0,209,2565,0
"1478",2013,"Armenia",205,1431,0,219,1365,0
"1479",2013,"Aruba",0,2,0,0,4,0
"1480",2013,"Azerbaijan",262,360,0,276,560,0
"1481",2013,"Bahamas",0,4,0,0,23,0
"1482",2013,"Bahrain",57,108,0,49,132,0
"1483",2013,"Bangladesh",8838,7448,0,8908,5960,0
"1484",2013,"Barbados",0,0,0,0,1,0
"1485",2013,"Belarus",95,170,0,92,333,0
"1486",2013,"Belize",17,21,0,8,38,0
"1487",2013,"Benin",39,95,0,56,112,0
"1488",2013,"Bolivia (Plurinational State of)",71,245,0,77,361,0
"1489",2013,"Bosnia and Herzegovina",430,3039,0,415,3084,0
"1490",2013,"Botswana",545,518,0,533,1399,0
"1491",2013,"Brazil",428,3849,0,583,17290,0
"1492",2013,"British Virgin Islands",0,0,0,0,3,0
"1493",2013,"Bulgaria",692,924,0,910,2034,0
"1494",2013,"Burkina Faso",8081,7244,0,8145,6555,0
"1495",2013,"Burundi",34421,31455,0,34868,33500,0
"1496",2013,"Cambodia",3,14,0,12,51,0
"1497",2013,"Cameroon",35244,27917,0,36444,23485,0
"1498",2013,"Canada",4211,11271,0,4327,13847,0
"1499",2013,"Cayman Islands",0,2,0,1,8,0
"1500",2013,"Chad",129190,98320,0,123546,57088,0
"1501",2013,"China",40,167,0,54,271,0
"1502",2013,"China, Hong Kong SAR",97,779,0,116,1006,0
"1503",2013,"China, Macao SAR",0,1,0,1,4,0
"1504",2013,"Colombia",26,74,0,26,172,0
"1505",2013,"Congo",14149,12170,0,14094,14358,0
"1506",2013,"Costa Rica",1421,4173,0,1906,5865,0
"1507",2013,"Côte d'Ivoire",6491,5707,0,6792,4083,0
"1508",2013,"Croatia",18,30,0,24,237,0
"1509",2013,"Cuba",9,18,0,5,353,0
"1510",2013,"Curaçao",4,25,0,3,29,0
"1511",2013,"Dem. Rep. of the Congo",1032308,745759,0,980173,459599,0
"1512",2013,"Denmark",339,1669,0,355,1900,0
"1513",2013,"Djibouti",4732,6467,0,4595,8016,0
"1514",2013,"Dominican Rep.",332,471,0,299,443,0
"1515",2013,"Ecuador",7670,23979,0,7962,26837,0
"1516",2013,"Egypt",55351,66686,0,61211,70020,0
"1517",2013,"El Salvador",2,11,0,2,34,0
"1518",2013,"Eritrea",890,640,0,969,734,0
"1519",2013,"Estonia",1,14,0,5,75,0
"1520",2013,"Ethiopia",117896,84331,0,123588,85145,0
"1521",2013,"Fiji",2,3,0,1,8,0
"1522",2013,"Gabon",393,968,0,423,2246,0
"1523",2013,"Gambia",2556,2630,0,2547,2042,0
"1524",2013,"Georgia",32665,101523,0,35218,79524,0
"1525",2013,"Germany",38584,87740,0,44996,151828,0
"1526",2013,"Ghana",3566,6365,0,3545,7041,0
"1527",2013,"Guatemala",8,77,0,6,84,0
"1528",2013,"Guinea",2078,2385,0,1974,2438,0
"1529",2013,"Guinea-Bissau",2137,2489,0,2226,1792,0
"1530",2013,"Guyana",3,4,0,2,2,0
"1531",2013,"Haiti",0,1,0,0,12,0
"1532",2013,"Honduras",4,11,0,5,19,0
"1533",2013,"India",4291,8519,0,4848,8738,0
"1534",2013,"Indonesia",795,1395,0,1648,6478,0
"1535",2013,"Iran (Islamic Rep. of)",7108,6946,0,7440,7375,0
"1536",2013,"Iraq",393454,249999,0,331006,356111,0
"1537",2013,"Ireland",388,1927,0,395,3291,0
"1538",2013,"Israel",1117,7113,0,1550,43195,0
"1539",2013,"Jamaica",1,8,0,4,9,0
"1540",2013,"Jordan",163699,169217,0,169549,143847,0
"1541",2013,"Kazakhstan",560,1582,0,607,1587,0
"1542",2013,"Kenya",157060,135391,0,173538,121234,0
"1543",2013,"Kuwait",288,501,0,358,518,0
"1544",2013,"Kyrgyzstan",2273,5129,0,2298,2496,0
"1545",2013,"Latvia",21,57,0,39,210,0
"1546",2013,"Lebanon",222327,216814,0,232396,190989,0
"1547",2013,"Lesotho",1,9,0,4,16,0
"1548",2013,"Liberia",14271,14222,0,14593,10303,0
"1549",2013,"Libya",5193,8376,0,5660,12940,0
"1550",2013,"Lithuania",30,34,0,28,97,0
"1551",2013,"Madagascar",2,6,0,1,4,0
"1552",2013,"Malawi",4645,3408,0,4872,4010,0
"1553",2013,"Malaysia",13218,29598,0,15926,81810,0
"1554",2013,"Mali",8237,5970,0,8719,5954,0
"1555",2013,"Mauritania",18934,17858,0,18898,11922,0
"1556",2013,"Mexico",190,517,0,177,947,0
"1557",2013,"Mongolia",0,7,0,4,18,0
"1558",2013,"Montenegro",1547,6060,0,1753,5900,0
"1559",2013,"Morocco",437,918,0,566,3052,0
"1560",2013,"Mozambique",3174,2991,0,3365,5589,0
"1561",2013,"Namibia",733,793,0,809,1159,0
"1562",2013,"Nepal",5179,10252,0,5488,10885,0
"1563",2013,"Nicaragua",18,72,0,25,92,0
"1564",2013,"Niger",15232,11781,0,14818,7529,0
"1565",2013,"Nigeria",456,579,0,476,1015,0
"1566",2013,"Oman",40,71,0,42,64,0
"1567",2013,"Pakistan",587421,558882,0,685091,628634,0
"1568",2013,"Palau",0,0,0,0,1,0
"1569",2013,"Panama",3307,4596,0,3896,6498,0
"1570",2013,"Papua New Guinea",2058,2537,0,2268,2520,0
"1571",2013,"Paraguay",18,41,0,11,67,0
"1572",2013,"Peru",299,332,0,174,864,0
"1573",2013,"Philippines",11,38,0,6,206,0
"1574",2013,"Poland",527,428,0,597,402,0
"1575",2013,"Qatar",22,49,0,20,50,0
"1576",2013,"Rep. of Korea",81,335,0,106,2015,0
"1577",2013,"Rep. of Moldova",27,1258,0,27,1054,0
"1578",2013,"Rwanda",23207,22265,0,22300,13219,0
"1579",2013,"Saint Kitts and Nevis",0,0,0,0,2,0
"1580",2013,"Saint Lucia",0,0,0,0,4,0
"1581",2013,"Saudi Arabia",127,146,0,144,241,0
"1582",2013,"Senegal",4133,4027,0,4129,4439,0
"1583",2013,"Serbia and Kosovo (S/RES/1244 (1999))",26239,121122,0,27752,115548,0
"1584",2013,"Sierra Leone",741,654,0,745,715,0
"1585",2013,"Singapore",0,2,0,0,1,0
"1586",2013,"Sint Maarten (Dutch part)",0,1,0,1,2,0
"1587",2013,"Slovenia",17,40,0,49,132,0
"1588",2013,"Solomon Islands",0,1,0,0,2,0
"1589",2013,"Somalia",3014,3111,0,2963,3282,0
"1590",2013,"South Sudan",69190,48481,0,70433,41522,0
"1591",2013,"Sri Lanka",447,753,0,459,1008,0
"1592",2013,"Sudan",21241,35969,0,22281,32735,0
"1593",2013,"Swaziland",170,236,0,200,439,0
"1594",2013,"Switzerland",5711,11556,0,6481,18953,0
"1595",2013,"Syrian Arab Rep.",6406,10970,0,6688,9707,0
"1596",2013,"Tajikistan",14,44,0,24,47,0
"1597",2013,"Thailand",17725,24152,0,18220,23585,0
"1598",2013,"The former Yugoslav Republic of Macedonia",369,700,0,512,1298,0
"1599",2013,"Timor-Leste",0,0,0,0,2,0
"1600",2013,"Togo",6215,5393,0,6446,2988,0
"1601",2013,"Tonga",1,0,0,1,1,0
"1602",2013,"Trinidad and Tobago",4,9,0,6,43,0
"1603",2013,"Tunisia",94,224,0,136,640,0
"1604",2013,"Turkey",6142,10789,0,7311,14895,0
"1605",2013,"Turkmenistan",1,24,0,0,20,0
"1606",2013,"Turks and Caicos Islands",0,2,0,0,8,0
"1607",2013,"Uganda",91850,29929,0,93101,29893,0
"1608",2013,"United Arab Emirates",111,238,0,104,227,0
"1609",2013,"United Rep. of Tanzania",72474,63043,0,71161,58084,0
"1610",2013,"Uruguay",20,72,0,23,130,0
"1611",2013,"Uzbekistan",21,40,0,19,61,0
"1612",2013,"Vanuatu",1,1,0,0,1,0
"1613",2013,"Venezuela (Bolivarian Republic of)",935,1575,0,1043,1860,0
"1614",2013,"Yemen",128352,176484,0,135318,209001,0
"1615",2013,"Zambia",12728,11232,0,12695,14350,0
"1616",2013,"Zimbabwe",1763,1248,0,1937,1538,0
"1617",2014,"Afghanistan",350208,318488,0,347008,308467,0
"1618",2014,"Albania",23,184,0,33,349,0
"1619",2014,"Algeria",768,926,0,935,2368,0
"1620",2014,"Argentina",182,1385,0,249,2543,0
"1621",2014,"Armenia",224,1476,0,239,1409,0
"1622",2014,"Aruba",0,1,0,0,4,0
"1623",2014,"Azerbaijan",224,327,0,235,570,0
"1624",2014,"Bahamas",1,6,0,0,23,0
"1625",2014,"Bahrain",59,107,0,57,130,0
"1626",2014,"Bangladesh",8413,8619,0,8633,6820,0
"1627",2014,"Barbados",0,0,0,0,1,0
"1628",2014,"Belarus",175,327,0,167,515,0
"1629",2014,"Belize",24,32,0,17,51,0
"1630",2014,"Benin",82,152,0,88,161,0
"1631",2014,"Bolivia (Plurinational State of)",72,248,0,80,377,0
"1632",2014,"Bosnia and Herzegovina",405,3016,0,404,3049,0
"1633",2014,"Botswana",523,487,0,505,1332,0
"1634",2014,"Brazil",654,10782,0,1072,35438,0
"1635",2014,"Burkina Faso",8793,7730,0,9124,6450,0
"1636",2014,"Burundi",35269,32371,0,35687,34765,0
"1637",2014,"Cambodia",5,18,0,9,72,0
"1638",2014,"Cameroon",72454,63073,0,71170,52835,0
"1639",2014,"Canada",2897,8584,0,3052,11125,0
"1640",2014,"Cayman Islands",0,2,0,1,5,0
"1641",2014,"Central African Rep.",2062,2061,0,2279,1701,0
"1642",2014,"Chad",134273,112129,0,131124,67672,0
"1643",2014,"China",40,162,0,44,378,0
"1644",2014,"China, Hong Kong SAR",105,940,0,118,1239,0
"1645",2014,"China, Macao SAR",0,1,0,1,4,0
"1646",2014,"Colombia",24,79,0,27,257,0
"1647",2014,"Congo",14776,12874,0,14929,16526,0
"1648",2014,"Côte d'Ivoire",475,780,0,492,905,0
"1649",2014,"Croatia",22,27,0,22,173,0
"1650",2014,"Cuba",10,23,0,3,255,0
"1651",2014,"Curaçao",9,29,0,7,33,0
"1652",2014,"Dem. Rep. of the Congo",1101572,792815,0,1105680,616458,0
"1653",2014,"Djibouti",4343,7092,0,4340,8587,0
"1654",2014,"Dominican Rep.",255,429,0,237,433,0
"1655",2014,"Ecuador",7690,23994,0,7712,26004,0
"1656",2014,"Egypt",93356,33480,0,99420,35484,0
"1657",2014,"El Salvador",4,9,0,4,18,0
"1658",2014,"Eritrea",793,579,0,877,671,0
"1659",2014,"Estonia",7,29,0,13,136,0
"1660",2014,"Ethiopia",176950,133725,0,185766,125843,0
"1661",2014,"Fiji",5,6,0,4,9,0
"1662",2014,"Gabon",517,674,0,525,1187,0
"1663",2014,"Gambia",3734,2228,0,3759,1888,0
"1664",2014,"Georgia",35015,106902,0,37851,85405,0
"1665",2014,"Germany",53474,116892,0,63226,221489,0
"1666",2014,"Ghana",3757,6391,0,3844,7096,0
"1667",2014,"Guinea",2222,2341,0,2104,2380,0
"1668",2014,"Guinea-Bissau",2181,2534,0,2257,1835,0
"1669",2014,"Guyana",3,4,0,2,3,0
"1670",2014,"Haiti",0,0,0,0,5,0
"1671",2014,"Honduras",5,11,0,5,21,0
"1672",2014,"India",5128,9796,0,5869,10146,0
"1673",2014,"Indonesia",965,1565,0,2363,6293,0
"1674",2014,"Iran (Islamic Rep. of)",7296,7336,0,7618,7695,0
"1675",2014,"Iraq",59429,62076,0,67198,90775,0
"1676",2014,"Ireland",522,2416,0,545,4511,0
"1677",2014,"Israel",1000,5001,0,1500,32225,0
"1678",2014,"Jamaica",1,8,0,5,8,0
"1679",2014,"Jordan",164825,174853,0,174582,158670,0
"1680",2014,"Kazakhstan",117,203,0,122,284,0
"1681",2014,"Kenya",155339,132460,0,173570,123994,0
"1682",2014,"Kyrgyzstan",145,150,0,141,253,0
"1683",2014,"Latvia",30,86,0,39,267,0
"1684",2014,"Lebanon",305721,310540,0,314722,236196,0
"1685",2014,"Lesotho",4,13,0,7,21,0
"1686",2014,"Liberia",10495,9687,0,10772,7688,0
"1687",2014,"Libya",5494,9492,0,6364,15518,0
"1688",2014,"Lithuania",48,1535,0,50,2252,0
"1689",2014,"Madagascar",2,6,0,1,11,0
"1690",2014,"Malawi",10826,8326,0,11388,10206,0
"1691",2014,"Malaysia",29128,63116,0,34644,174354,0
"1692",2014,"Mali",20600,16347,0,21548,15055,0
"1693",2014,"Malta",0,0,0,0,0,0
"1694",2014,"Mauritania",28714,26678,0,28112,16590,0
"1695",2014,"Mexico",276,764,0,238,1306,0
"1696",2014,"Monaco",0,0,0,0,0,0
"1697",2014,"Mongolia",0,4,0,2,18,0
"1698",2014,"Montenegro",1791,4692,0,2095,4382,0
"1699",2014,"Morocco",798,1336,0,904,3058,0
"1700",2014,"Mozambique",6873,7291,0,7205,14270,0
"1701",2014,"Myanmar",0,0,0,0,0,0
"1702",2014,"Namibia",1044,1129,0,1218,1787,0
"1703",2014,"Nauru",0,0,0,0,0,0
"1704",2014,"Nepal",7930,15110,0,8434,16224,0
"1705",2014,"Netherlands",0,0,0,0,0,0
"1706",2014,"New Zealand",0,0,0,0,0,0
"1707",2014,"Nicaragua",107,222,0,105,238,0
"1708",2014,"Niger",29211,23130,0,28891,14628,0
"1709",2014,"Nigeria",678,887,0,632,1969,0
"1710",2014,"Norway",0,0,0,0,0,0
"1711",2014,"Oman",168,238,0,144,214,0
"1712",2014,"Pakistan",1407601,1379201,0,1664465,1474197,0
"1713",2014,"Palau",0,0,0,0,1,0
"1714",2014,"Panama",6319,9453,0,7542,14027,0
"1715",2014,"Papua New Guinea",0,0,0,0,0,0
"1716",2014,"Paraguay",43,94,0,22,165,0
"1717",2014,"Peru",588,680,0,330,1782,0
"1718",2014,"Philippines",548,846,0,539,1181,0
"1719",2014,"Poland",687,672,0,722,611,0
"1720",2014,"Portugal",0,0,0,0,0,0
"1721",2014,"Qatar",74,152,0,64,152,0
"1722",2014,"Rep. of Korea",267,1189,0,275,6758,0
"1723",2014,"Rep. of Moldova",68,2650,0,84,2238,0
"1724",2014,"Romania",508,872,0,620,2364,0
"1725",2014,"Russian Federation",0,0,0,0,0,0
"1726",2014,"Rwanda",44428,44872,0,42852,27894,0
"1727",2014,"Saint Kitts and Nevis",0,0,0,0,2,0
"1728",2014,"Saint Lucia",0,0,0,0,3,0
"1729",2014,"Saudi Arabia",241,292,0,287,481,0
"1730",2014,"Senegal",8439,8309,0,8416,9200,0
"1731",2014,"Serbia and Kosovo (S/RES/1244 (1999))",50114,224688,0,52984,215292,0
"1732",2014,"Sierra Leone",711,694,0,651,632,0
"1733",2014,"Singapore",0,1,0,0,3,0
"1734",2014,"Sint Maarten (Dutch part)",0,3,0,1,4,0
"1735",2014,"Slovakia",0,0,0,0,0,0
"1736",2014,"Slovenia",38,146,0,100,370,0
"1737",2014,"Solomon Islands",0,1,0,0,2,0
"1738",2014,"Somalia",6073,5872,0,5949,6085,0
"1739",2014,"South Africa",0,0,0,0,0,0
"1740",2014,"South Sudan",148384,103919,0,152812,91160,0
"1741",2014,"Spain",0,0,0,0,0,0
"1742",2014,"Sri Lanka",633,1100,0,610,1480,0
"1743",2014,"Sudan",115473,140229,0,116710,129101,0
"1744",2014,"Suriname",0,0,0,0,2,0
"1745",2014,"Swaziland",280,374,0,318,604,0
"1746",2014,"Sweden",0,0,0,0,0,0
"1747",2014,"Switzerland",12708,25618,0,14940,41544,0
"1748",2014,"Syrian Arab Rep.",23051,6550,0,21468,6226,0
"1749",2014,"Tajikistan",225,166,0,189,168,0
"1750",2014,"Thailand",58626,79042,0,60744,78711,0
"1751",2014,"The former Yugoslav Republic of Macedonia",733,1373,0,908,3233,0
"1752",2014,"Timor-Leste",0,1,0,1,4,0
"1753",2014,"Togo",13152,11606,0,13612,6612,0
"1754",2014,"Trinidad and Tobago",8,65,0,25,230,0
"1755",2014,"Tunisia",269,523,0,378,1057,0
"1756",2014,"Turkey",45525,68409,0,55256,109040,0
"1757",2014,"Turkmenistan",1,25,0,0,32,0
"1758",2014,"Turks and Caicos Islands",0,2,0,0,12,0
"1759",2014,"Uganda",246606,178861,0,254940,161570,0
"1760",2014,"Ukraine",0,0,0,0,0,0
"1761",2014,"United Arab Emirates",226,422,0,226,392,0
"1762",2014,"United Kingdom",0,0,0,0,0,0
"1763",2014,"United Rep. of Tanzania",135875,118319,0,137305,113201,0
"1764",2014,"United States of America",0,0,0,0,0,0
"1765",2014,"Uruguay",70,162,0,68,348,0
"1766",2014,"Uzbekistan",13,85,0,18,124,0
"1767",2014,"Vanuatu",0,1,0,0,0,0
"1768",2014,"Venezuela (Bolivarian Republic of)",1597,3420,0,2008,3885,0
"1769",2014,"Viet Nam",0,0,0,0,0,0
"1770",2014,"Yemen",284854,347892,0,310108,429570,0
"1771",2014,"Zambia",24328,23238,0,24284,28582,0
"1772",2014,"Zimbabwe",4034,3232,0,4772,4890,0
"1773",2015,"Afghanistan",1005074,735462,0,1049973,738183,0
"1774",2015,"Albania",27,8357,0,27,8317,0
"1775",2015,"Algeria",2202,2422,0,2616,6296,0
"1776",2015,"Angola",0,0,0,0,0,0
"1777",2015,"Anguilla",0,0,0,0,1,0
"1778",2015,"Antigua and Barbuda",0,0,0,0,30,0
"1779",2015,"Argentina",334,2704,0,428,5102,0
"1780",2015,"Armenia",492,2947,0,544,2774,0
"1781",2015,"Aruba",0,0,0,0,2,0
"1782",2015,"Australia",0,0,0,0,0,0
"1783",2015,"Austria",0,0,0,0,0,0
"1784",2015,"Azerbaijan",458,654,0,490,1074,0
"1785",2015,"Bahamas",1,13,0,0,35,0
"1786",2015,"Bahrain",114,212,0,124,266,0
"1787",2015,"Bangladesh",17244,16669,0,17624,12333,0
"1788",2015,"Belarus",197,332,0,182,831,0
"1789",2015,"Belgium",0,0,0,0,0,0
"1790",2015,"Belize",258,404,0,228,540,0
"1791",2015,"Benin",216,444,0,238,518,0
"1792",2015,"Bolivia (Plurinational State of)",124,490,0,131,750,0
"1793",2015,"Bosnia and Herzegovina",1229,5672,0,1290,5553,0
"1794",2015,"Botswana",846,782,0,898,2004,0
"1795",2015,"Brazil",2740,11058,0,2772,55010,0
"1796",2015,"Brunei Darussalam",0,0,0,0,0,0
"1797",2015,"Bulgaria",0,0,0,0,0,0
"1798",2015,"Burkina Faso",18228,16900,0,18985,14204,0
"1799",2015,"Burundi",44145,43967,0,44794,35875,0
"1800",2015,"Cabo Verde",0,0,0,0,0,0
"1801",2015,"Cambodia",72,93,0,134,297,0
"1802",2015,"Cameroon",198603,152072,0,193704,120510,0
"1803",2015,"Canada",4772,11318,0,5050,15846,0
"1804",2015,"Cayman Islands",0,2,0,0,1,0
"1805",2015,"Central African Rep.",3769,3934,0,4209,3405,0
"1806",2015,"Chad",215160,204202,0,209664,115829,0
"1807",2015,"Chile",126,2664,0,182,2850,0
"1808",2015,"China",105,441,0,96,936,0
"1809",2015,"China, Hong Kong SAR",198,1910,0,224,2566,0
"1810",2015,"China, Macao SAR",0,1,0,1,10,0
"1811",2015,"Colombia",32,142,0,49,383,0
"1812",2015,"Congo",25592,23540,0,25598,29519,0
"1813",2015,"Costa Rica",0,0,0,0,0,0
"1814",2015,"Côte d'Ivoire",924,1552,0,970,1924,0
"1815",2015,"Croatia",57,35,0,45,288,0
"1816",2015,"Cuba",10,77,0,23,505,0
"1817",2015,"Curaçao",15,61,0,13,58,0
"1818",2015,"Cyprus",0,0,0,0,0,0
"1819",2015,"Czech Rep.",0,0,0,0,0,0
"1820",2015,"Dem. Rep. of the Congo",1605518,1182086,0,1600169,1010065,0
"1821",2015,"Denmark",0,0,0,0,0,0
"1822",2015,"Djibouti",9626,11190,0,9942,13254,0
"1823",2015,"Dominican Rep.",482,898,0,450,916,0
"1824",2015,"Ecuador",28494,22646,0,28756,34556,0
"1825",2015,"Egypt",108939,134113,0,118781,139408,0
"1826",2015,"El Salvador",702,4320,0,801,14470,0
"1827",2015,"Eritrea",1376,998,0,1528,1179,0
"1828",2015,"Estonia",34,86,0,56,262,0
"1829",2015,"Ethiopia",391618,305644,0,416124,291334,0
"1830",2015,"Fiji",2,13,0,2,16,0
"1831",2015,"Finland",0,0,0,0,0,0
"1832",2015,"France",0,0,0,0,0,0
"1833",2015,"Gabon",922,1362,0,974,2401,0
"1834",2015,"Gambia",3822,4264,0,3788,3834,0
"1835",2015,"Georgia",72781,217240,0,78309,175159,0
"1836",2015,"Germany",176472,351016,0,225920,798286,0
"1837",2015,"Ghana",7936,10469,0,8831,11261,0
"1838",2015,"Greece",0,0,0,0,0,0
"1839",2015,"Grenada",0,0,0,0,1,0
"1840",2015,"Guatemala",52,202,0,38,404,0
"1841",2015,"Guinea",4097,4915,0,3931,5093,0
"1842",2015,"Guinea-Bissau",0,0,0,0,0,0
"1843",2015,"Guyana",3,10,0,0,4,0
"1844",2015,"Haiti",852,85,0,952,84,0
"1845",2015,"Honduras",72805,108615,0,79003,97846,0
"1846",2015,"Hungary",0,0,0,0,0,0
"1847",2015,"Iceland",0,0,0,0,0,0
"1848",2015,"India",11430,21444,0,12366,21876,0
"1849",2015,"Indonesia",2625,4234,0,4037,16159,0
"1850",2015,"Iran (Islamic Rep. of)",14216,14006,0,14803,14533,0
"1851",2015,"Iraq",108526,144055,0,117904,199747,0
"1852",2015,"Ireland",1386,5998,0,1464,12880,0
"1853",2015,"Israel",0,0,0,0,0,0
"1854",2015,"Italy",0,0,0,0,0,0
"1855",2015,"Jamaica",0,10,0,2,20,0
"1856",2015,"Japan",0,0,0,0,0,0
"1857",2015,"Jordan",331994,363930,0,351086,331096,0
"1858",2015,"Kazakhstan",218,417,0,248,700,0
"1859",2015,"Kenya",314552,265286,0,348688,259236,0
"1860",2015,"Kuwait",716,730,0,986,752,0
"1861",2015,"Kyrgyzstan",175,10996,0,176,7897,0
"1862",2015,"Latvia",0,0,0,0,0,0
"1863",2015,"Lebanon",564436,559228,0,590234,462564,0
"1864",2015,"Lesotho",4,16,0,1,44,0
"1865",2015,"Liberia",20354,17853,0,20766,14068,0
"1866",2015,"Libya",10366,19734,0,11602,31866,0
"1867",2015,"Liechtenstein",0,0,0,0,0,0
"1868",2015,"Lithuania",138,242,0,204,366,0
"1869",2015,"Luxembourg",0,0,0,0,0,0
"1870",2015,"Madagascar",0,10,0,0,34,0
"1871",2015,"Malawi",12420,9542,0,12888,12128,0
"1872",2015,"Malaysia",30412,64744,0,35456,178550,0
"1873",2015,"Mali",10834,8892,0,11044,8726,0
"1874",2015,"Malta",0,0,0,0,0,0
"1875",2015,"Mauritania",29370,27836,0,28806,17770,0
"1876",2015,"Mexico",0,0,0,0,0,0
"1877",2015,"Micronesia (Federated States of)",0,0,0,0,28,0
"1878",2015,"Monaco",0,0,0,0,0,0
"1879",2015,"Mongolia",0,4,0,1,20,0
"1880",2015,"Montenegro",1705,10793,0,1995,10590,0
"1881",2015,"Morocco",1898,2374,0,2202,4472,0
"1882",2015,"Mozambique",6859,8417,0,7338,18214,0
"1883",2015,"Myanmar",110088,114360,0,113926,93805,0
"1884",2015,"Namibia",1212,1216,0,1340,2020,0
"1885",2015,"Nauru",0,0,0,0,0,0
"1886",2015,"Nepal",6117,26453,0,6437,27110,0
"1887",2015,"Netherlands",0,0,0,0,0,0
"1888",2015,"New Zealand",0,0,0,0,0,0
"1889",2015,"Nicaragua",120,300,0,169,330,0
"1890",2015,"Niger",34824,26832,0,34580,16776,0
"1891",2015,"Nigeria",598,777,0,600,1540,0
"1892",2015,"Norway",0,0,0,0,0,0
"1893",2015,"Oman",192,268,0,146,264,0
"1894",2015,"Pakistan",1588394,1562081,0,1936253,1693945,0
"1895",2015,"Panama",6330,10714,0,7566,15906,0
"1896",2015,"Papua New Guinea",0,0,0,0,0,0
"1897",2015,"Paraguay",41,108,0,35,224,0
"1898",2015,"Peru",0,0,0,0,0,0
"1899",2015,"Philippines",3135,4232,0,3221,4203,0
"1900",2015,"Poland",893,762,0,1028,821,0
"1901",2015,"Portugal",0,0,0,0,0,0
"1902",2015,"Qatar",84,156,0,70,166,0
"1903",2015,"Rep. of Korea",471,1932,0,543,10748,0
"1904",2015,"Rep. of Moldova",90,2686,0,102,2290,0
"1905",2015,"Romania",636,1048,0,788,3204,0
"1906",2015,"Russian Federation",0,0,0,0,0,0
"1907",2015,"Rwanda",77546,83516,0,77240,64042,0
"1908",2015,"Saint Lucia",0,0,0,0,2,0
"1909",2015,"Samoa",0,1,0,1,1,0
"1910",2015,"Saudi Arabia",52,90,0,52,113,0
"1911",2015,"Senegal",8539,8451,0,8518,9502,0
"1912",2015,"Serbia and Kosovo (S/RES/1244 (1999))",45123,208783,0,47792,198473,0
"1913",2015,"Sierra Leone",321,423,0,287,377,0
"1914",2015,"Singapore",0,1,0,0,0,0
"1915",2015,"Sint Maarten (Dutch part)",0,3,0,1,14,0
"1916",2015,"Slovakia",120,1626,0,226,3230,0
"1917",2015,"Slovenia",44,156,0,65,530,0
"1918",2015,"Solomon Islands",0,1,0,0,2,0
"1919",2015,"Somalia",674775,499324,0,675264,464390,0
"1920",2015,"South Africa",0,0,0,0,0,0
"1921",2015,"South Sudan",157926,111788,0,163504,94487,0
"1922",2015,"Spain",0,0,0,0,0,0
"1923",2015,"Sri Lanka",564,1115,0,657,1376,0
"1924",2015,"Sudan",119155,118732,0,116312,102927,0
"1925",2015,"Suriname",0,0,0,0,10,0
"1926",2015,"Swaziland",318,458,0,354,812,0
"1927",2015,"Sweden",0,0,0,0,0,0
"1928",2015,"Switzerland",10492,20715,0,15345,45204,0
"1929",2015,"Syrian Arab Rep.",15574,15256,0,14625,14334,0
"1930",2015,"Tajikistan",2,5,0,2,20,0
"1931",2015,"Thailand",52284,64446,0,54265,62939,0
"1932",2015,"The former Yugoslav Republic of Macedonia",422,925,0,553,767,0
"1933",2015,"Timor-Leste",0,1,0,2,3,0
"1934",2015,"Togo",13160,12062,0,13604,6584,0
"1935",2015,"Trinidad and Tobago",16,83,0,26,268,0
"1936",2015,"Tunisia",210,312,0,216,670,0
"1937",2015,"Turkey",78046,115720,0,92712,213224,0
"1938",2015,"Turkmenistan",158,7699,0,258,6177,0
"1939",2015,"Turks and Caicos Islands",0,1,0,0,3,0
"1940",2015,"Uganda",387326,309828,0,398018,290760,0
"1941",2015,"Ukraine",0,0,0,0,0,0
"1942",2015,"United Arab Emirates",351,740,0,349,720,0
"1943",2015,"United Kingdom",0,0,0,0,0,0
"1944",2015,"United Rep. of Tanzania",214764,175352,0,210246,164875,0
"1945",2015,"United States of America",0,0,0,0,0,0
"1946",2015,"Uruguay",69,214,0,76,394,0
"1947",2015,"Uzbekistan",26,60,0,47,75,0
"1948",2015,"Vanuatu",0,1,0,0,0,0
"1949",2015,"Venezuela (Bolivarian Republic of)",2159,4196,0,2744,4680,0
"1950",2015,"Viet Nam",0,0,0,0,0,0
"1951",2015,"Yemen",1492964,1463403,0,1378451,1283301,0
"1952",2015,"Zambia",24892,24442,0,24492,30532,0
"1953",2015,"Zimbabwe",3738,6100,0,4086,7262,0
"1954",2016,"Afghanistan",670062,479468,0,707460,487239,0
"1955",2016,"Albania",1859,2011,0,1852,2054,0
"1956",2016,"Algeria",1037,1159,0,1139,2602,0
"1957",2016,"Anguilla",0,0,0,0,0,0
"1958",2016,"Antigua and Barbuda",0,0,0,0,0,0
"1959",2016,"Argentina",203,1979,0,268,5015,0
"1960",2016,"Armenia",253,1478,0,278,1373,0
"1961",2016,"Aruba",0,0,0,0,0,0
"1962",2016,"Azerbaijan",213,320,0,235,513,0
"1963",2016,"Bahamas",0,7,0,0,19,0
"1964",2016,"Bahrain",61,117,0,66,138,0
"1965",2016,"Bangladesh",8774,8814,0,9093,6500,0
"1966",2016,"Barbados",0,0,0,0,0,0
"1967",2016,"Belarus",13,118,0,23,298,0
"1968",2016,"Benin",164,314,0,180,377,0
"1969",2016,"Bosnia and Herzegovina",195,2875,0,183,2120,0
"1970",2016,"Botswana",551,523,0,593,1165,0
"1971",2016,"Brazil",694,8239,0,681,29918,0
"1972",2016,"Burkina Faso",8866,7861,0,9167,6779,0
"1973",2016,"Burundi",17332,14881,0,17766,12732,0
"1974",2016,"Cambodia",30,36,0,59,112,0
"1975",2016,"Cameroon",178896,130463,0,179071,106803,0
"1976",2016,"Canada",1236,7748,0,1452,13495,0
"1977",2016,"Cayman Islands",0,6,0,0,12,0
"1978",2016,"Central African Rep.",3658,2708,0,3848,2194,0
"1979",2016,"Chad",164188,144717,0,160971,84345,0
"1980",2016,"Chile",126,736,0,143,966,0
"1981",2016,"China",34,189,0,27,485,0
"1982",2016,"China, Hong Kong SAR",13,29,0,5,51,0
"1983",2016,"China, Macao SAR",0,0,0,0,0,0
"1984",2016,"Colombia",44,122,0,38,276,0
"1985",2016,"Congo",17860,18060,0,16916,18714,0
"1986",2016,"Costa Rica",36,23,0,33,29,0
"1987",2016,"Côte d'Ivoire",379,460,0,393,560,0
"1988",2016,"Croatia",76,109,0,101,523,0
"1989",2016,"Cuba",5,43,0,10,245,0
"1990",2016,"Curaçao",8,43,0,13,38,0
"1991",2016,"Dem. Rep. of the Congo",1011066,717368,0,1024884,565277,0
"1992",2016,"Djibouti",5935,6722,0,6189,7016,0
"1993",2016,"Dominican Rep.",219,467,0,212,490,0
"1994",2016,"Ecuador",9482,19154,0,7515,24373,0
"1995",2016,"Egypt",56583,70432,0,61956,74366,0
"1996",2016,"El Salvador",0,10,0,0,20,0
"1997",2016,"Eritrea",641,459,0,712,535,0
"1998",2016,"Ethiopia",210403,151996,0,221746,97466,0
"1999",2016,"Fiji",0,5,0,0,5,0
"2000",2016,"Gabon",410,693,0,448,1187,0
"2001",2016,"Gambia",1951,2129,0,1935,1925,0
"2002",2016,"Georgia",37241,110262,0,40056,89214,0
"2003",2016,"Germany",153092,268882,0,214199,632672,0
"2004",2016,"Ghana",2363,3926,0,2428,4478,0
"2005",2016,"Grenada",0,0,0,0,0,0
"2006",2016,"Guatemala",25,113,0,29,125,0
"2007",2016,"Guinea",1219,1359,0,1179,1414,0
"2008",2016,"Guinea-Bissau",2157,2507,0,2226,1750,0
"2009",2016,"Guyana",0,0,0,0,0,0
"2010",2016,"Haiti",848,268,0,893,296,0
"2011",2016,"Honduras",36406,52909,0,39504,45207,0
"2012",2016,"India",6188,9990,0,6712,10923,0
"2013",2016,"Indonesia",1491,2295,0,1993,8551,0
"2014",2016,"Iran (Islamic Rep. of)",7106,7005,0,7394,7267,0
"2015",2016,"Iraq",54829,73445,0,58597,89568,0
"2016",2016,"Ireland",700,2876,0,738,5428,0
"2017",2016,"Jamaica",0,6,0,0,17,0
"2018",2016,"Jordan",172046,190685,0,182044,176037,0
"2019",2016,"Kazakhstan",104,222,0,132,285,0
"2020",2016,"Kenya",134301,109808,0,150137,100616,0
"2021",2016,"Kuwait",258,522,0,317,532,0
"2022",2016,"Kyrgyzstan",58,150,0,72,176,0
"2023",2016,"Lebanon",274584,264266,0,287052,205401,0
"2024",2016,"Lesotho",5,10,0,0,27,0
"2025",2016,"Liberia",5037,4566,0,5159,4229,0
"2026",2016,"Libya",5497,10489,0,5882,16679,0
"2027",2016,"Madagascar",0,9,0,11,24,0
"2028",2016,"Malawi",8250,6168,0,8646,7351,0
"2029",2016,"Malaysia",16035,32228,0,18156,82155,0
"2030",2016,"Mali",7474,5948,0,7575,5505,0
"2031",2016,"Mauritania",13003,12994,0,12876,9862,0
"2032",2016,"Mauritius",0,0,0,0,0,0
"2033",2016,"Micronesia (Federated States of)",0,0,0,0,0,0
"2034",2016,"Mongolia",0,5,0,0,7,0
"2035",2016,"Montenegro",85,292,0,119,418,0
"2036",2016,"Morocco",1145,1410,0,1357,2821,0
"2037",2016,"Mozambique",3524,3715,0,3739,6638,0
"2038",2016,"Myanmar",55814,57700,0,56627,49390,0
"2039",2016,"Namibia",704,771,0,771,1240,0
"2040",2016,"Nepal",2045,11380,0,2129,10604,0
"2041",2016,"Nicaragua",133,168,0,177,189,0
"2042",2016,"Niger",90386,62328,0,92473,57040,0
"2043",2016,"Nigeria",273,387,0,268,861,0
"2044",2016,"Oman",145,204,0,132,202,0
"2045",2016,"Pakistan",599246,573761,0,691843,645862,0
"2046",2016,"Palau",0,0,0,0,0,0
"2047",2016,"Panama",3470,5789,0,4172,8392,0
"2048",2016,"Philippines",1041,1553,0,1034,1602,0
"2049",2016,"Poland",525,419,0,599,383,0
"2050",2016,"Qatar",57,103,0,47,112,0
"2051",2016,"Rep. of Korea",299,1420,0,323,6497,0
"2052",2016,"Rep. of Moldova",53,122,0,42,300,0
"2053",2016,"Romania",359,609,0,419,1518,0
"2054",2016,"Rwanda",40382,44559,0,40530,38080,0
"2055",2016,"Saint Lucia",0,0,0,0,0,0
"2056",2016,"Samoa",0,0,0,0,0,0
"2057",2016,"Saudi Arabia",33,49,0,36,67,0
"2058",2016,"Senegal",4314,4286,0,4298,4893,0
"2059",2016,"Serbia and Kosovo (S/RES/1244 (1999))",21653,100023,0,24050,96406,0
"2060",2016,"Seychelles",0,0,0,0,0,0
"2061",2016,"Sierra Leone",104,182,0,89,162,0
"2062",2016,"Singapore",0,0,0,0,0,0
"2063",2016,"Sint Maarten (Dutch part)",0,0,0,0,6,0
"2064",2016,"Slovakia",74,792,0,139,1585,0
"2065",2016,"Slovenia",56,160,0,112,450,0
"2066",2016,"Somalia",474946,282603,0,611370,254259,0
"2067",2016,"South Sudan",80736,56886,0,82301,44416,0
"2068",2016,"Sri Lanka",301,616,0,344,740,0
"2069",2016,"Sudan",61081,62195,0,62044,52408,0
"2070",2016,"Suriname",0,14,0,0,27,0
"2071",2016,"Swaziland",166,257,0,184,513,0
"2072",2016,"Switzerland",8660,16649,0,11617,30751,0
"2073",2016,"Syrian Arab Rep.",7511,9096,0,7562,8080,0
"2074",2016,"Tajikistan",3833,6585,0,3976,1839,0
"2075",2016,"Thailand",25209,30579,0,26236,29684,0
"2076",2016,"The former Yugoslav Republic of Macedonia",196,358,0,267,331,0
"2077",2016,"Timor-Leste",0,0,0,0,0,0
"2078",2016,"Togo",3723,3494,0,3782,2277,0
"2079",2016,"Trinidad and Tobago",18,76,0,32,196,0
"2080",2016,"Tunisia",48,159,0,100,261,0
"2081",2016,"Turkey",45253,68397,0,52650,124902,0
"2082",2016,"Turkmenistan",0,10,0,0,12,0
"2083",2016,"Turks and Caicos Islands",0,0,0,0,0,0
"2084",2016,"Uganda",279237,209350,0,285948,181630,0
"2085",2016,"United Arab Emirates",504,246,0,509,248,0
"2086",2016,"United Rep. of Tanzania",113164,115723,0,115813,114118,0
"2087",2016,"Uruguay",34,199,0,37,411,0
"2088",2016,"Uzbekistan",0,0,0,0,14,0
"2089",2016,"Venezuela (Bolivarian Republic of)",2455,1729,0,739,4667,0
"2090",2016,"Yemen",828260,815392,0,855189,779113,0
"2091",2016,"Zambia",13419,13407,0,13248,17133,0
"2092",2016,"Zimbabwe",2209,1815,0,2305,2173,0
